nome,cargo,nascimento
Clementia,Legal,2001-05-18 03:37:31
Dix,Training,2001-04-26 23:13:35
Fielding,Marketing,2003-04-27 17:47:27
Deni,Marketing,2001-03-07 11:30:21
Ana,Services,2000-07-18 15:22:11
Samaria,Support,2003-05-09 05:45:11
Dennis,Engineering,2003-10-08 23:24:17
Booth,Business Development,2001-04-15 19:59:49
Pepi,Support,2003-05-20 00:56:54
Debor,Product Management,2000-12-28 06:54:38
Deeyn,Training,2001-03-22 06:37:14
Julio,Training,2003-09-04 18:41:48
Marnia,Sales,2005-02-06 15:30:52
Nicolina,Product Management,2002-04-19 04:12:33
Galina,Services,2004-04-28 15:22:51
Darell,Training,2004-01-09 04:07:40
Ailyn,Legal,2004-09-19 06:30:42
Tabby,Research and Development,2004-10-01 11:27:01
Pietra,Services,2004-06-07 02:31:53
Peggie,Engineering,2003-04-27 16:52:33
Sydelle,Services,2000-11-23 16:32:47
Sutherlan,Support,2001-02-27 18:04:51
Jobyna,Training,2004-02-15 02:08:33
Onofredo,Training,2003-02-01 23:40:39
Rita,Human Resources,2004-03-11 17:27:54
Elmer,Product Management,2001-09-08 19:29:08
Kelcey,Product Management,2004-10-21 20:18:22
Minta,Human Resources,2002-12-21 16:21:32
Deborah,Services,2004-07-21 08:05:15
Nicky,Legal,2003-10-02 01:52:17
Laurent,Human Resources,2000-09-20 19:09:30
Thibaut,Research and Development,2005-01-21 22:05:02
Stavro,Business Development,2001-09-16 03:21:26
Amerigo,Support,2003-04-30 09:45:53
Anderea,Research and Development,2003-07-29 13:52:33
Corrie,Marketing,2004-10-25 11:45:19
Sherm,Marketing,2004-07-26 13:55:17
Duane,Support,2001-11-15 08:42:17
Lanni,Marketing,2004-12-25 11:38:36
Jeri,Support,2002-07-08 21:18:35
Earvin,Accounting,2003-05-03 02:52:20
Torey,Sales,2004-10-23 16:38:29
Gilberte,Research and Development,2001-08-12 17:40:26
Amara,Support,2004-12-09 18:42:46
Shel,Legal,2002-06-16 03:10:16
Eduino,Training,2000-09-01 06:10:01
Gerik,Marketing,2002-05-17 07:11:02
Chanda,Legal,2004-01-15 22:22:22
Skipp,Accounting,2003-12-28 18:18:30
Rickard,Services,2003-07-02 12:35:38
Joel,Research and Development,2002-11-23 11:56:40
Hewet,Sales,2001-05-06 18:22:53
Noble,Support,2002-08-06 02:28:55
Cooper,Marketing,2002-04-03 12:53:24
Maddalena,Accounting,2003-08-31 21:35:52
Elmer,Human Resources,2004-11-10 04:15:49
Felicdad,Marketing,2005-01-07 17:40:41
Maje,Marketing,2005-04-10 07:03:36
Tandy,Services,2001-05-27 11:30:00
Lancelot,Training,2000-07-22 14:59:03
Arnuad,Legal,2001-09-09 14:43:33
Norrie,Support,2002-10-05 13:10:00
Dilan,Services,2001-11-05 00:59:12
Iseabal,Product Management,2000-11-14 17:47:14
Glen,Accounting,2004-09-03 23:31:05
Amara,Business Development,2005-03-23 21:21:16
Abigale,Human Resources,2003-08-12 06:03:24
Clerkclaude,Accounting,2002-06-07 00:29:01
Julee,Support,2000-11-30 22:34:10
Ruthi,Business Development,2003-01-06 19:24:03
Massimiliano,Services,2001-01-17 04:38:39
Eb,Human Resources,2001-11-26 13:57:22
Remington,Services,2000-10-15 18:20:30
Jeremiah,Accounting,2001-01-25 13:23:08
Findlay,Engineering,2005-01-16 05:15:12
Anitra,Legal,2002-12-23 18:25:57
Sidonia,Services,2005-01-24 10:26:39
Guthrey,Accounting,2004-06-27 14:41:56
Neile,Training,2004-06-20 17:29:28
Wyatt,Training,2002-11-25 21:59:53
Anita,Services,2000-07-17 17:36:03
Annabella,Sales,2000-09-15 12:04:08
Sullivan,Engineering,2002-03-17 23:48:47
Lucius,Product Management,2005-03-07 06:09:33
Lianne,Sales,2004-03-31 11:21:56
Natal,Product Management,2004-10-23 07:48:19
Gale,Accounting,2001-05-04 21:38:42
Brenda,Research and Development,2004-04-17 13:56:58
Casar,Training,2001-03-24 23:40:01
Katina,Accounting,2002-02-11 12:50:57
Harwilll,Marketing,2004-07-20 21:51:09
Erinna,Training,2001-01-24 02:22:17
Hayyim,Accounting,2004-01-12 09:40:55
Blaine,Support,2003-03-14 05:28:19
Brena,Engineering,2001-06-10 13:45:33
Martyn,Sales,2003-01-03 05:49:27
Vallie,Marketing,2004-09-29 00:07:58
Oralie,Accounting,2003-05-21 09:12:04
Rozalie,Marketing,2000-09-17 14:52:04
Johnathan,Services,2004-08-05 02:11:46
Dorri,Support,2000-06-15 18:06:59
Dalenna,Sales,2003-08-21 01:38:32
Hussein,Services,2001-09-04 21:46:12
Aubree,Marketing,2003-08-25 23:50:32
Mignon,Product Management,2001-02-22 03:03:55
Webb,Human Resources,2002-02-26 18:29:36
Brunhilda,Business Development,2001-03-21 05:05:01
Sidoney,Engineering,2000-10-12 10:57:01
Duky,Accounting,2002-01-13 00:16:35
Jemmie,Support,2004-10-12 10:15:42
Hunter,Accounting,2002-12-16 04:57:44
Lane,Services,2003-02-18 14:52:12
Nealon,Business Development,2000-08-25 01:21:14
Moses,Sales,2003-10-23 22:32:03
Shannah,Business Development,2000-07-06 13:25:32
Olia,Support,2001-08-19 01:24:18
Florinda,Human Resources,2002-08-28 06:25:11
Sonny,Support,2002-02-03 19:16:48
Sergio,Engineering,2004-07-12 08:07:17
Mureil,Support,2003-07-27 00:10:55
Andrei,Services,2002-01-03 14:38:17
Johnette,Human Resources,2003-08-18 22:45:15
Ripley,Support,2001-09-22 21:45:49
Gilberto,Business Development,2005-04-15 10:35:17
Kyle,Marketing,2001-02-10 21:00:10
Nance,Engineering,2004-12-28 19:00:57
Esther,Accounting,2003-12-11 19:24:10
Shawnee,Services,2001-07-11 06:56:33
Cindie,Business Development,2004-06-26 09:24:42
Abner,Legal,2004-11-01 05:08:05
Noel,Support,2000-12-15 12:37:14
Magdalen,Engineering,2005-03-08 11:37:03
Syd,Sales,2003-10-20 05:15:58
Perle,Training,2001-07-24 05:00:19
Sophie,Accounting,2001-07-04 15:10:32
Yurik,Engineering,2002-08-12 08:44:19
Hamel,Research and Development,2005-03-28 22:29:45
Derrik,Support,2003-10-17 03:10:22
Basil,Services,2001-07-21 02:30:50
Lynelle,Services,2004-02-02 09:20:07
Terra,Legal,2004-05-01 13:18:23
Amaleta,Services,2003-08-03 23:34:48
Mohammed,Human Resources,2001-02-19 05:51:57
Delila,Research and Development,2001-05-25 01:17:36
Ernestine,Product Management,2004-03-11 14:43:29
Kerstin,Accounting,2002-06-08 16:34:06
Shanta,Product Management,2002-02-19 10:06:51
Ashby,Research and Development,2000-06-26 00:47:23
Ade,Accounting,2001-11-24 18:15:16
Marchall,Accounting,2004-01-28 20:16:46
Kaylyn,Services,2004-09-19 03:10:52
Farley,Marketing,2003-04-24 11:11:54
Wenonah,Human Resources,2004-01-07 17:45:16
Marion,Legal,2003-03-01 14:39:14
Wynny,Research and Development,2005-01-30 22:29:08
Oralla,Accounting,2003-06-22 01:33:14
Judas,Sales,2003-11-24 10:50:55
Wyn,Support,2001-08-01 10:33:46
Elisha,Human Resources,2000-07-10 22:10:37
Petronilla,Business Development,2003-07-08 07:44:34
Merwin,Marketing,2002-06-16 03:33:41
Hersh,Support,2003-12-19 23:38:57
Allistir,Services,2001-10-25 01:25:50
Jermaine,Legal,2002-10-20 17:29:43
Kamila,Product Management,2003-04-12 04:20:44
Dorry,Marketing,2003-08-10 03:35:07
Stephi,Human Resources,2004-06-21 02:30:21
Olivie,Product Management,2003-04-22 13:44:22
Lindy,Services,2000-06-17 13:25:32
Zacherie,Research and Development,2004-12-19 18:29:38
Alfonso,Support,2004-03-13 05:59:57
Dolli,Services,2004-08-15 15:32:04
Gisella,Engineering,2001-09-01 05:35:48
Klaus,Marketing,2001-07-03 01:36:56
Carney,Accounting,2004-04-09 09:20:39
Florella,Product Management,2001-03-03 10:32:06
Prisca,Human Resources,2000-12-21 21:58:13
Nesta,Human Resources,2003-01-11 09:42:21
Aidan,Marketing,2005-03-08 14:41:24
Doro,Legal,2002-01-13 14:39:13
Marilin,Sales,2004-10-31 09:24:30
Kinna,Legal,2002-06-10 01:00:45
Mareah,Services,2002-08-23 18:39:14
Flin,Product Management,2003-08-22 04:59:53
Garik,Accounting,2002-04-29 10:07:41
Guendolen,Sales,2000-11-05 19:16:39
King,Engineering,2004-01-07 05:11:09
Robinett,Human Resources,2001-12-20 03:20:19
Rochell,Business Development,2004-07-13 06:51:42
Cecilia,Support,2005-01-23 05:16:33
Louisette,Sales,2002-11-13 09:55:18
Bran,Sales,2003-11-03 18:21:22
Gunner,Research and Development,2002-03-20 23:48:17
Skipton,Legal,2001-03-21 17:45:54
Melony,Business Development,2004-08-21 23:05:29
Sheilah,Business Development,2002-05-01 23:16:43
Alex,Business Development,2005-02-07 14:49:44
Darcey,Support,2001-01-02 02:55:36
Sherwin,Accounting,2004-07-22 03:37:18
Rasla,Human Resources,2001-12-22 14:30:27
Goober,Legal,2002-01-03 07:54:24
Kennedy,Sales,2002-06-12 22:06:04
Freddy,Support,2001-03-17 08:57:33
Caren,Marketing,2004-07-29 06:16:33
Oberon,Engineering,2001-01-20 10:44:00
Saw,Human Resources,2001-01-07 18:28:18
Elianore,Research and Development,2001-11-19 07:30:45
Alfonso,Sales,2000-11-18 21:33:00
Dreddy,Accounting,2003-12-01 09:47:51
Dehlia,Human Resources,2005-01-18 00:51:24
Stavros,Business Development,2004-01-22 02:44:32
Lyndsey,Product Management,2000-10-08 15:06:29
Eward,Human Resources,2001-03-12 11:39:44
Oneida,Services,2004-05-18 18:36:09
Kele,Human Resources,2002-12-24 07:37:22
Kermy,Accounting,2000-11-23 23:10:17
Vernen,Engineering,2002-01-21 04:28:33
Nanny,Services,2001-07-19 07:40:24
Wallie,Marketing,2001-05-04 01:25:46
Bastian,Legal,2001-06-28 02:13:59
Bronny,Product Management,2005-02-05 18:55:13
Mahalia,Human Resources,2002-08-02 09:32:57
Marlyn,Accounting,2001-06-10 23:46:02
Honor,Product Management,2005-01-24 09:47:22
Martita,Marketing,2001-04-05 01:34:49
Raff,Marketing,2004-08-12 21:12:51
Lynette,Human Resources,2003-10-10 04:36:44
Pembroke,Accounting,2003-10-02 01:36:53
Bary,Legal,2002-03-23 00:58:32
Lockwood,Legal,2001-09-02 03:25:50
Franciskus,Business Development,2005-01-03 23:44:00
Mufinella,Research and Development,2000-12-11 13:03:01
Saidee,Support,2000-06-17 05:54:36
Holli,Training,2004-06-01 16:38:06
Lalo,Training,2003-02-11 03:02:03
Rodger,Human Resources,2000-08-06 13:50:03
Yancy,Marketing,2001-01-17 13:27:08
Fayina,Training,2003-06-01 11:14:33
Milt,Marketing,2001-08-15 06:42:36
Wenona,Research and Development,2005-02-24 12:24:48
Base,Research and Development,2001-04-21 00:50:22
Auberta,Legal,2002-03-19 12:55:28
Sofia,Legal,2003-11-08 17:04:45
Joyce,Support,2003-06-22 03:57:32
Lexy,Human Resources,2001-09-18 08:35:30
Cthrine,Business Development,2003-10-24 09:44:56
Gordon,Product Management,2005-02-05 04:21:52
Yovonnda,Research and Development,2000-10-05 23:38:27
Heinrik,Research and Development,2002-10-07 15:00:41
Nathan,Training,2001-10-18 21:36:55
Ramon,Human Resources,2004-07-05 19:29:48
Perice,Human Resources,2002-11-29 01:06:08
Dena,Product Management,2004-07-30 21:29:07
Tomaso,Engineering,2004-10-16 10:11:21
Chalmers,Marketing,2004-09-17 13:21:09
Edgard,Engineering,2003-04-10 03:31:21
Thorny,Human Resources,2000-10-27 13:37:18
Camilla,Accounting,2001-08-30 17:38:36
Aland,Product Management,2005-03-11 08:03:51
Ferdinande,Services,2004-05-22 10:42:10
Nanine,Sales,2003-11-29 00:20:23
Clemmy,Services,2004-11-01 02:05:05
Jeanine,Training,2004-01-15 16:05:29
Ofelia,Product Management,2002-04-05 22:23:24
Brigitte,Business Development,2004-07-13 22:05:59
Anitra,Accounting,2000-09-21 08:31:48
Gayle,Sales,2005-02-02 02:55:16
Joela,Research and Development,2003-09-11 21:48:10
Eliza,Accounting,2002-05-05 15:57:56
Arlina,Product Management,2004-04-01 18:40:41
Fowler,Support,2002-02-18 16:50:07
Claus,Product Management,2000-07-01 12:25:41
Onida,Accounting,2003-04-10 11:42:37
Elise,Services,2001-12-08 12:42:37
Chiarra,Sales,2004-06-07 22:12:29
Wallache,Legal,2000-12-18 00:19:24
Mirna,Human Resources,2004-09-27 01:57:45
Kelcey,Human Resources,2003-07-12 01:03:20
Gearalt,Human Resources,2002-05-26 12:40:31
Cherey,Engineering,2003-12-31 10:01:48
Dill,Engineering,2002-06-10 20:15:24
Ammamaria,Sales,2002-04-22 10:48:24
Illa,Support,2005-02-19 04:39:03
Randy,Human Resources,2000-11-06 19:18:55
Ian,Sales,2004-03-07 23:10:05
Konstantin,Human Resources,2004-03-22 15:28:31
Evelin,Legal,2003-10-23 15:59:56
Carce,Business Development,2000-12-12 09:31:18
Margaretha,Accounting,2000-09-27 10:53:52
Marylynne,Marketing,2004-07-07 20:30:37
Angelle,Research and Development,2001-08-01 18:47:35
Dodie,Business Development,2001-09-22 13:04:14
Ainslee,Training,2003-12-24 15:33:44
Kincaid,Marketing,2002-10-21 17:41:30
Sharron,Support,2004-12-04 17:54:03
Renell,Training,2001-09-04 14:48:56
Janeczka,Product Management,2001-08-21 16:19:58
Scotty,Accounting,2003-01-10 14:31:40
Kaile,Training,2005-02-07 06:50:06
Marie-jeanne,Legal,2001-01-11 17:10:39
Misti,Business Development,2001-11-05 19:06:07
Chalmers,Services,2000-09-22 18:57:16
Pinchas,Services,2005-04-09 12:22:04
Salem,Business Development,2003-08-19 22:39:59
Callida,Accounting,2002-04-14 20:22:58
Jules,Legal,2002-11-05 16:23:18
Arlen,Support,2001-12-03 00:35:06
Bessy,Human Resources,2001-09-17 14:44:12
Neall,Engineering,2000-10-02 16:46:09
Lenna,Accounting,2003-07-18 20:21:06
Rik,Sales,2001-07-29 13:04:08
Bertha,Engineering,2002-09-26 07:26:22
Mufi,Research and Development,2005-01-31 19:59:09
Dacy,Services,2001-11-10 22:13:56
Ferguson,Services,2001-12-09 12:27:37
Alverta,Research and Development,2000-08-04 01:59:30
Cassius,Human Resources,2001-05-12 16:13:13
Wye,Accounting,2001-05-04 05:44:52
Gordan,Services,2000-08-23 15:17:02
Stanislas,Services,2000-09-12 22:40:14
Georgi,Training,2002-04-20 20:35:55
Janey,Human Resources,2000-07-18 16:56:33
Morie,Product Management,2001-12-30 20:14:38
Polly,Services,2001-08-26 11:42:33
Mata,Marketing,2002-04-12 23:06:51
Monte,Marketing,2004-05-11 05:28:29
Netti,Accounting,2002-05-27 12:36:52
Nikolaus,Engineering,2004-11-17 08:37:26
Ysabel,Marketing,2004-01-17 23:46:40
Enid,Services,2002-03-31 12:06:13
Cody,Training,2003-01-25 16:21:25
Anna-maria,Accounting,2002-09-15 10:51:13
Cynthea,Marketing,2003-08-29 13:13:34
Nickola,Human Resources,2004-11-06 07:45:39
Elle,Services,2003-04-03 19:55:35
Iolanthe,Business Development,2004-07-05 22:21:07
Minny,Research and Development,2004-07-16 03:53:14
Karalee,Training,2000-11-24 08:24:29
Dilan,Sales,2004-04-10 11:15:21
Blayne,Sales,2002-03-29 03:31:33
Caesar,Legal,2001-06-26 15:22:53
Terrie,Research and Development,2001-04-11 20:49:47
Elli,Training,2005-01-25 21:57:56
Leroi,Training,2003-01-21 09:47:18
Beckie,Support,2005-03-15 17:51:31
Maggie,Engineering,2003-06-27 14:45:24
Ulberto,Business Development,2004-06-21 13:11:44
Clywd,Training,2005-03-04 15:18:27
Natty,Training,2001-04-19 19:50:35
Roderic,Legal,2003-05-13 23:11:08
Shina,Support,2004-05-31 09:36:20
Brittan,Sales,2000-09-08 10:19:33
Stillmann,Support,2001-01-15 06:10:50
Vasili,Human Resources,2001-08-12 03:45:55
Beau,Services,2005-02-26 03:42:52
Charleen,Human Resources,2002-03-04 05:46:33
Jeri,Marketing,2003-10-14 16:40:31
Ladonna,Marketing,2002-10-18 23:39:12
Rhett,Human Resources,2003-03-18 00:44:25
Wilmer,Engineering,2003-08-07 15:22:43
Shell,Human Resources,2002-06-05 07:49:16
Caz,Business Development,2002-03-24 14:26:14
Amalee,Human Resources,2002-01-19 09:37:22
Gale,Product Management,2000-08-11 03:25:21
Neille,Support,2005-03-04 17:30:19
Drona,Support,2000-10-02 17:20:20
Nathanael,Marketing,2000-09-27 15:42:38
Amelia,Marketing,2000-09-22 17:50:24
Nessi,Accounting,2000-07-03 17:19:03
Corette,Accounting,2005-03-21 23:59:50
Tasha,Engineering,2003-05-04 08:59:51
Juliet,Support,2004-12-31 13:15:39
Kit,Research and Development,2004-07-05 02:06:56
Tait,Business Development,2004-09-06 11:34:00
Ellie,Support,2003-04-29 03:54:10
Nada,Services,2003-11-09 13:58:19
Wylie,Sales,2002-09-03 05:21:38
Valaree,Sales,2000-12-29 23:13:19
Conni,Training,2002-03-13 17:28:55
Maurise,Support,2002-03-07 20:20:37
Tull,Legal,2001-05-19 13:59:00
Donall,Product Management,2004-06-27 19:09:25
Ibby,Research and Development,2000-09-20 09:20:58
Raquela,Business Development,2003-01-10 21:47:03
Bron,Human Resources,2005-02-11 07:41:32
Jody,Marketing,2002-07-12 23:45:59
Delores,Services,2003-09-02 13:54:28
Edmon,Services,2004-12-12 02:17:18
Alexia,Engineering,2000-07-08 19:14:55
Clara,Support,2003-08-29 22:47:12
Heath,Research and Development,2000-07-27 07:01:48
Sandor,Legal,2001-05-31 03:14:21
Darn,Sales,2002-06-20 10:58:12
Frederich,Human Resources,2001-04-06 12:19:35
Mella,Legal,2004-05-14 07:10:37
Farica,Research and Development,2005-01-22 01:21:34
Charlotta,Services,2001-08-01 20:48:16
Katherina,Engineering,2001-10-14 13:00:07
Niko,Accounting,2002-05-19 11:05:31
Liana,Sales,2002-03-01 07:19:54
Isaiah,Marketing,2003-04-27 00:26:54
Marjorie,Engineering,2004-10-21 02:03:59
Cortney,Business Development,2004-11-21 04:51:13
Aymer,Business Development,2002-12-12 03:04:34
Calv,Services,2004-07-27 03:24:27
Tanney,Human Resources,2003-04-14 14:30:21
Julee,Human Resources,2001-12-31 13:40:23
Perceval,Support,2001-06-16 17:05:52
Dredi,Training,2002-10-16 10:24:16
Brennen,Engineering,2001-11-28 12:51:57
Demetrius,Accounting,2003-04-02 15:17:17
Silvan,Human Resources,2003-05-30 11:47:59
Tana,Legal,2003-08-21 11:34:12
Delmore,Human Resources,2001-10-27 06:40:29
Ivett,Training,2001-06-25 23:45:33
Ayn,Business Development,2001-11-09 08:36:30
Sabra,Human Resources,2004-03-09 16:03:48
Auroora,Engineering,2002-09-17 19:04:36
Ardys,Engineering,2003-11-11 04:20:15
Aeriell,Business Development,2004-06-03 14:59:15
Marybelle,Accounting,2002-04-16 02:27:18
Carmine,Legal,2004-11-19 23:08:53
Datha,Legal,2003-10-05 11:46:58
Batholomew,Support,2003-06-16 04:59:09
Bertina,Legal,2001-12-04 15:13:46
Ira,Legal,2002-04-14 07:00:25
Spenser,Legal,2001-02-19 14:35:23
Morris,Business Development,2004-10-14 00:24:00
Brinn,Research and Development,2000-09-17 23:50:02
Sidney,Training,2005-03-11 07:42:19
Jodie,Engineering,2002-08-15 14:42:52
Henryetta,Sales,2001-10-06 20:13:05
Iggy,Human Resources,2004-06-28 14:01:16
Josias,Support,2004-07-19 13:40:37
Earvin,Business Development,2003-11-13 05:16:50
Donetta,Engineering,2002-09-10 19:13:10
Amalee,Legal,2001-08-28 14:17:49
Linell,Marketing,2000-12-21 17:26:11
Tedi,Training,2001-07-08 12:00:39
Horace,Accounting,2001-09-22 08:49:20
Georgia,Product Management,2000-10-26 15:20:35
Christina,Business Development,2003-11-22 06:49:16
Correna,Accounting,2004-09-09 05:03:38
Domenico,Business Development,2004-01-30 17:57:47
Bealle,Legal,2004-11-21 15:16:52
Anallise,Sales,2002-10-08 04:28:26
Wilmette,Marketing,2004-01-09 07:03:22
Amalia,Product Management,2004-07-21 03:07:13
Monti,Human Resources,2004-08-11 04:56:29
Aube,Accounting,2002-01-05 10:35:51
Afton,Research and Development,2004-11-23 06:49:10
Brigit,Sales,2004-09-17 17:42:14
Fabian,Training,2001-09-07 23:21:25
Chrystal,Sales,2002-06-04 17:51:11
Dari,Training,2000-11-05 00:06:55
Renard,Sales,2004-10-19 16:21:06
Karie,Training,2001-12-05 18:03:42
Kelcie,Sales,2004-04-18 18:08:38
Timothee,Accounting,2003-07-02 03:33:44
Dody,Training,2003-04-27 11:24:36
Reinwald,Research and Development,2002-12-21 11:10:57
Orran,Engineering,2004-01-20 00:40:37
Tabbie,Accounting,2001-09-21 16:16:53
Hadlee,Marketing,2003-02-04 18:42:14
Sutton,Marketing,2005-03-15 21:04:38
Adelaida,Sales,2004-12-19 04:43:14
Sioux,Business Development,2001-11-02 03:14:10
Sigismondo,Accounting,2002-09-08 18:55:56
Mac,Research and Development,2003-11-04 01:44:47
Gene,Services,2004-07-06 23:17:36
Tabby,Support,2001-09-08 12:46:09
Enrika,Training,2000-11-12 00:00:24
Elysha,Sales,2004-09-25 21:19:33
Jacquenette,Accounting,2000-09-26 06:54:39
Carrissa,Support,2000-06-16 05:25:13
Micheil,Human Resources,2004-08-05 16:45:25
Aldric,Product Management,2003-06-21 09:30:54
Mirna,Research and Development,2003-02-17 02:31:17
Karole,Support,2000-11-03 15:21:29
La verne,Accounting,2001-10-07 23:32:34
Gerianna,Research and Development,2003-12-08 12:46:15
Darya,Engineering,2003-02-11 18:03:34
Marie-jeanne,Legal,2002-08-12 13:11:15
Bennie,Product Management,2001-05-06 05:33:45
Al,Support,2002-07-10 06:51:20
Tabina,Accounting,2001-06-01 21:06:02
Jard,Human Resources,2002-08-05 09:13:10
Amos,Engineering,2003-12-10 18:07:17
Glenn,Legal,2001-09-04 07:50:22
Corrie,Support,2004-12-07 00:58:33
Joanna,Support,2000-06-21 07:13:30
Carree,Legal,2002-05-30 17:02:14
Lorant,Engineering,2002-08-27 04:56:29
Bartholomeus,Services,2000-08-30 03:11:02
Philip,Accounting,2001-02-11 21:14:20
Binni,Training,2002-08-16 10:30:57
Georgeanna,Human Resources,2002-07-13 21:34:02
Ermina,Legal,2003-09-20 20:02:56
Humberto,Business Development,2002-11-10 07:31:22
Tremayne,Legal,2000-07-20 17:54:33
Rosana,Research and Development,2003-06-15 19:16:24
Wilek,Training,2000-07-30 23:04:16
Jaquenetta,Training,2005-04-19 12:21:12
Staci,Training,2001-05-10 14:12:33
Fanya,Marketing,2001-04-17 00:08:20
Myrtle,Marketing,2003-05-22 16:39:23
Griffin,Research and Development,2000-11-09 18:12:41
Reg,Research and Development,2005-02-19 23:11:51
Rora,Services,2002-05-04 13:43:15
Tate,Training,2004-11-29 07:31:23
Rip,Marketing,2004-01-17 04:28:21
Adolpho,Training,2000-12-12 06:11:24
Olga,Sales,2001-09-07 08:36:35
Nadeen,Product Management,2004-09-29 04:05:33
Nahum,Accounting,2005-01-18 07:48:10
Durward,Research and Development,2003-01-25 14:14:23
Austin,Research and Development,2001-06-21 01:01:24
Gladi,Sales,2002-09-24 08:13:45
Emmy,Business Development,2004-02-15 07:54:18
Kaitlyn,Engineering,2001-03-23 04:14:18
Nil,Support,2002-01-12 06:25:18
Urban,Training,2003-06-27 19:19:44
Adriena,Marketing,2004-10-15 00:31:25
Edouard,Accounting,2004-11-27 04:47:57
Isidoro,Marketing,2002-03-04 08:33:01
Gardner,Accounting,2001-04-05 07:26:52
Candy,Legal,2001-01-14 17:13:27
Dorella,Human Resources,2003-02-21 23:14:40
Morganne,Accounting,2005-03-12 13:55:39
Genni,Accounting,2004-12-15 00:29:33
Elyssa,Product Management,2001-05-30 22:38:47
Rutger,Product Management,2004-05-22 11:07:01
Sophronia,Research and Development,2001-07-04 09:31:16
Jonell,Support,2001-02-03 12:43:50
Rochelle,Research and Development,2004-09-10 21:12:04
Basile,Accounting,2001-04-01 19:39:19
Davey,Accounting,2001-03-17 06:19:19
Vanda,Sales,2003-04-08 23:27:08
Charlotta,Research and Development,2003-04-17 09:25:40
Adore,Business Development,2002-04-05 19:16:50
Ricoriki,Training,2004-04-27 10:50:02
Minnaminnie,Training,2004-04-03 04:48:18
Stanislas,Marketing,2003-08-22 08:28:24
Val,Accounting,2004-09-27 15:34:23
Ferdinand,Marketing,2000-07-27 02:29:13
Toiboid,Services,2003-06-26 08:42:53
Tabor,Accounting,2002-05-19 13:35:20
Lorine,Support,2004-10-04 10:11:12
Redford,Support,2005-01-31 00:37:54
Leonidas,Business Development,2000-08-22 07:20:00
Gerhardine,Engineering,2003-07-30 01:42:59
Griffie,Sales,2003-01-01 11:16:51
Sibby,Research and Development,2002-11-17 22:33:54
Izaak,Human Resources,2004-05-11 18:11:49
Eddi,Research and Development,2000-11-03 23:48:27
Danna,Sales,2002-03-27 13:31:11
Francesco,Sales,2004-02-11 21:12:10
Hermon,Services,2003-01-10 22:34:32
Brandyn,Accounting,2001-09-06 22:30:44
Robena,Product Management,2005-01-08 03:57:19
Alford,Support,2004-01-20 18:26:58
Martha,Marketing,2001-06-28 01:37:49
Cami,Product Management,2002-07-14 09:06:44
Erv,Marketing,2003-10-29 07:31:58
Aridatha,Human Resources,2003-12-10 20:06:35
Noak,Services,2003-12-09 05:23:51
Dara,Engineering,2001-12-21 02:22:17
Laurella,Product Management,2003-09-21 04:55:30
Melessa,Engineering,2003-03-31 03:55:28
Larine,Marketing,2000-12-02 09:38:49
Jojo,Accounting,2002-01-24 10:19:47
Aylmar,Support,2003-01-08 13:09:54
Morena,Legal,2000-09-06 08:57:11
Eyde,Support,2004-07-27 22:53:02
Miner,Training,2002-05-20 14:08:34
Ellerey,Marketing,2003-08-07 08:43:47
Melantha,Support,2004-06-03 19:05:16
Ethyl,Research and Development,2004-03-03 14:41:35
Maureen,Business Development,2002-12-02 16:06:11
Nathalie,Product Management,2005-01-25 15:08:24
Shea,Marketing,2002-09-23 17:24:21
Salomone,Product Management,2002-09-01 10:51:27
Aluin,Training,2000-12-20 03:00:42
Tiff,Services,2003-04-24 19:47:21
Anne-corinne,Sales,2000-06-24 11:36:56
Janetta,Sales,2004-12-18 17:47:33
Dory,Training,2004-11-16 18:32:06
Cris,Business Development,2002-03-30 23:54:51
Gordie,Support,2000-11-08 16:06:12
Loy,Services,2005-02-14 20:45:33
Jaymee,Legal,2000-06-18 08:22:36
Henriette,Accounting,2002-10-24 07:46:35
Dasie,Engineering,2004-02-19 08:28:51
Angelico,Engineering,2003-01-23 11:29:25
Freedman,Training,2002-06-13 06:56:26
Fidela,Sales,2004-04-04 21:06:24
Winnifred,Training,2000-11-11 10:54:45
Abbe,Product Management,2000-12-17 03:03:44
Donny,Sales,2001-07-31 04:44:56
Zebadiah,Legal,2002-11-07 21:42:19
Ada,Support,2003-03-02 20:40:15
Christean,Business Development,2002-11-22 22:58:58
Francisco,Engineering,2004-05-20 08:06:38
Antone,Training,2004-05-16 14:58:06
Jacky,Accounting,2003-02-27 05:27:56
Angus,Services,2003-06-10 08:54:21
Karon,Training,2004-02-01 06:28:13
Megen,Research and Development,2002-12-02 12:50:11
Barrett,Services,2002-07-09 07:11:03
Heath,Engineering,2002-01-13 04:02:55
Agathe,Accounting,2003-09-24 11:12:29
Clint,Accounting,2002-07-27 01:23:45
Aubrie,Services,2003-10-27 21:35:40
Aluin,Marketing,2003-01-12 06:56:31
Lynda,Support,2000-08-03 00:22:17
Mellisent,Research and Development,2000-09-28 04:14:11
Harley,Marketing,2004-10-18 12:03:56
Misty,Business Development,2002-03-29 08:42:23
Alice,Training,2004-03-28 07:50:29
Mirelle,Services,2004-08-04 09:01:04
Sumner,Product Management,2004-10-05 17:38:03
Fin,Research and Development,2002-01-30 12:40:01
Mitchell,Legal,2000-10-28 00:15:34
Kaela,Marketing,2003-11-11 18:44:36
Thibaud,Marketing,2000-08-04 18:20:13
Betty,Services,2002-08-08 10:56:41
Jarrod,Accounting,2003-12-24 23:49:14
Rasia,Support,2003-11-22 08:27:45
Jude,Business Development,2002-07-11 10:51:12
Elonore,Accounting,2003-04-12 13:44:46
Brena,Research and Development,2002-03-24 03:29:37
Welch,Sales,2005-02-01 17:16:56
Sibbie,Legal,2002-08-26 02:34:10
Delora,Business Development,2003-04-24 14:04:31
Elisha,Business Development,2002-01-06 03:38:41
Annabal,Engineering,2001-07-28 07:33:49
Kylie,Accounting,2004-11-12 19:44:14
Dina,Human Resources,2002-04-30 16:48:34
Darcee,Research and Development,2004-01-04 19:20:44
Doll,Product Management,2002-11-06 00:38:44
Boycey,Sales,2002-07-18 12:33:05
Linus,Product Management,2001-09-08 08:22:44
Dex,Business Development,2004-11-15 15:03:14
Kariotta,Product Management,2005-02-02 08:44:38
Wilhelmine,Business Development,2003-05-23 12:30:56
Donalt,Research and Development,2002-10-25 11:56:16
Chrotoem,Product Management,2002-08-26 06:10:37
Goldia,Research and Development,2002-01-19 12:31:07
Molli,Marketing,2005-02-03 20:14:55
Bruis,Business Development,2001-11-20 12:31:39
Byram,Human Resources,2002-03-13 14:46:33
Reginald,Training,2002-10-28 18:32:20
Jeanelle,Business Development,2004-03-28 20:13:58
Patsy,Services,2003-06-29 15:36:59
Lucina,Human Resources,2003-05-07 00:57:11
Hogan,Services,2004-10-31 04:27:45
Annaliese,Engineering,2004-02-01 05:55:24
Clo,Engineering,2003-04-21 16:38:22
Filide,Product Management,2003-05-07 13:34:27
Bil,Human Resources,2002-09-11 16:58:23
Maye,Business Development,2001-09-30 15:36:07
Ramon,Training,2004-10-08 12:05:26
Bobby,Training,2005-03-27 21:28:51
Ulrikaumeko,Legal,2004-10-12 14:59:52
Harmony,Human Resources,2001-06-02 00:07:55
Tedmund,Business Development,2002-03-18 09:16:41
Lloyd,Human Resources,2000-08-08 04:05:26
Aprilette,Training,2004-03-16 13:56:37
Jacqui,Human Resources,2003-06-04 11:20:09
Jarrett,Engineering,2002-03-16 16:10:02
Teena,Business Development,2001-09-09 00:17:57
Filip,Sales,2003-12-19 21:06:47
Julie,Sales,2001-03-23 04:53:41
Frants,Engineering,2001-02-28 15:12:41
Neill,Product Management,2003-06-16 11:33:11
Eddie,Human Resources,2000-11-14 00:49:37
Edgard,Training,2005-01-25 03:07:56
Vail,Marketing,2005-04-17 23:15:23
Anna-diana,Training,2003-06-13 03:33:39
Godiva,Accounting,2002-09-15 08:19:45
Ronny,Sales,2002-10-29 17:59:58
Gunner,Marketing,2002-03-26 02:45:13
Dorothee,Marketing,2003-02-23 05:32:18
Claudelle,Services,2001-05-17 10:50:06
Skippie,Human Resources,2002-04-08 05:20:06
Diarmid,Marketing,2001-10-20 17:34:58
Kin,Research and Development,2004-08-12 23:25:44
Kaylyn,Engineering,2004-12-28 08:35:28
Isidore,Training,2003-02-24 02:53:24
Lexie,Human Resources,2002-12-06 09:45:40
Emelen,Services,2002-10-07 01:00:29
Evangeline,Accounting,2000-07-24 04:27:49
Barbabra,Business Development,2004-08-28 20:47:25
Winni,Marketing,2001-03-16 02:07:47
Hill,Legal,2003-11-07 22:59:59
Clara,Services,2000-12-08 18:17:36
Vale,Sales,2002-11-08 03:41:02
Roselle,Business Development,2002-01-02 14:32:57
Rhody,Services,2003-12-03 06:12:36
Carlina,Accounting,2000-07-21 06:58:09
Gilli,Product Management,2002-03-29 19:36:06
Melonie,Engineering,2001-03-26 06:13:44
Mel,Accounting,2004-11-21 23:35:06
Leslie,Support,2000-12-23 20:09:01
Fran,Training,2002-01-18 23:55:28
Bryanty,Research and Development,2004-04-29 11:57:40
Kay,Research and Development,2001-03-14 17:38:37
Carlo,Business Development,2004-05-30 10:13:29
Budd,Business Development,2003-12-12 16:21:54
Clarine,Services,2003-03-08 06:57:45
Angelo,Marketing,2005-02-03 04:00:07
Cirilo,Support,2002-04-02 02:28:43
Merrill,Legal,2002-05-09 20:32:09
Mathilde,Human Resources,2003-09-26 20:43:30
Gordon,Marketing,2005-01-05 00:11:41
Emilia,Engineering,2000-12-10 19:20:26
Korry,Training,2001-11-27 10:49:11
Dawna,Accounting,2004-11-18 09:28:20
Freddy,Sales,2001-04-01 18:23:58
Antoine,Accounting,2003-09-06 03:33:50
Aili,Support,2000-10-06 21:17:37
Thea,Research and Development,2005-02-09 13:06:09
Dido,Sales,2004-11-09 09:33:35
Golda,Engineering,2002-10-05 04:41:21
Deane,Engineering,2005-02-15 22:02:14
Natka,Human Resources,2002-11-13 18:23:08
Brett,Business Development,2004-06-22 23:30:02
Riobard,Accounting,2001-04-29 22:40:55
Brnaby,Product Management,2002-04-03 08:27:06
Hyman,Business Development,2001-11-23 20:01:11
Warde,Engineering,2004-01-02 11:48:16
August,Legal,2001-10-11 03:05:13
Genia,Human Resources,2001-05-22 18:22:17
Debor,Human Resources,2001-07-29 17:33:45
Avigdor,Training,2002-06-12 20:05:14
Aurelie,Business Development,2004-12-03 04:29:07
Byrle,Marketing,2004-03-08 13:37:09
Lauretta,Support,2002-02-05 11:04:37
Field,Human Resources,2001-10-28 22:41:38
Erick,Human Resources,2000-10-15 21:08:23
Llewellyn,Accounting,2001-03-01 04:03:48
Allx,Services,2002-04-08 07:34:28
Max,Business Development,2002-01-24 10:43:44
Forester,Sales,2002-03-11 02:00:26
Jamaal,Human Resources,2000-11-04 17:49:51
Dev,Support,2000-07-17 22:08:31
Fairlie,Research and Development,2003-06-27 12:41:59
Eilis,Training,2001-04-08 15:15:31
Mercie,Accounting,2004-11-05 01:17:18
Leonerd,Accounting,2002-08-20 09:04:03
Sharleen,Legal,2002-04-20 21:12:39
Ada,Research and Development,2004-06-25 08:38:29
Dillon,Training,2003-07-30 14:42:23
Troy,Product Management,2002-09-23 01:29:54
Gerik,Engineering,2002-07-10 08:38:54
Benny,Business Development,2004-03-23 21:25:54
Hayes,Research and Development,2002-09-17 05:37:25
Jewel,Legal,2004-09-21 15:10:28
Zorah,Accounting,2004-05-04 14:01:51
Gibbie,Engineering,2001-04-02 14:31:48
Emilie,Legal,2000-06-29 12:13:43
Marika,Services,2001-06-23 08:54:59
Bernhard,Services,2002-05-17 05:55:40
Cristin,Support,2005-03-28 10:55:10
Batholomew,Engineering,2002-08-14 00:45:56
Mohandis,Engineering,2001-11-04 19:33:36
Marlo,Legal,2001-09-24 23:20:25
Travers,Engineering,2001-12-21 12:44:34
Arielle,Legal,2000-09-17 05:30:22
Heidi,Human Resources,2000-09-15 09:01:39
Adler,Training,2004-02-11 14:28:41
Fulvia,Research and Development,2004-11-01 08:42:52
Gerard,Human Resources,2002-09-13 21:39:31
Eda,Training,2001-07-21 20:46:50
Camala,Accounting,2003-02-24 15:40:28
Alika,Engineering,2003-06-06 12:39:34
Tadeo,Business Development,2003-12-12 16:42:33
Igor,Training,2001-06-30 19:18:29
Seka,Accounting,2005-01-30 10:26:21
Odele,Services,2003-09-18 12:39:45
Raye,Legal,2002-01-16 11:04:41
Wyatan,Services,2004-01-26 06:17:06
Emiline,Training,2001-04-30 00:45:44
Gillian,Engineering,2003-05-15 14:42:53
Laural,Engineering,2004-01-20 14:59:01
Lewes,Training,2002-01-23 09:36:33
Pavel,Product Management,2005-01-21 01:59:38
Kellyann,Marketing,2002-12-05 09:15:00
Donnie,Marketing,2001-10-08 02:37:40
Ailee,Accounting,2004-05-18 03:06:02
Bill,Research and Development,2002-09-21 01:39:18
Giustino,Services,2000-07-17 11:31:01
Arvy,Support,2002-03-06 01:59:32
Chad,Training,2004-09-16 09:33:34
Rice,Sales,2003-09-16 17:28:56
Wilek,Product Management,2002-06-24 23:10:09
Joana,Business Development,2004-11-27 17:28:01
Daphene,Engineering,2001-08-15 21:13:35
Demetria,Legal,2003-03-26 03:58:48
Berny,Human Resources,2001-02-23 11:16:27
Ellsworth,Sales,2003-01-14 23:38:59
Muhammad,Business Development,2001-04-14 04:56:40
Bettye,Business Development,2002-06-16 23:29:11
Flynn,Product Management,2004-03-14 07:58:01
Waiter,Marketing,2001-05-22 05:45:07
Gwenni,Services,2000-09-05 21:38:28
Lynette,Research and Development,2000-07-06 16:03:56
Winnie,Accounting,2004-07-13 18:33:46
Monro,Business Development,2001-12-04 17:23:18
Alejoa,Product Management,2001-09-09 16:15:31
Hana,Support,2004-10-22 05:37:53
Leisha,Accounting,2003-05-10 21:30:45
Andre,Marketing,2001-05-04 04:41:25
Theressa,Human Resources,2004-08-17 17:21:46
Therese,Human Resources,2001-09-14 23:30:38
Faydra,Services,2001-03-04 11:08:45
Eduard,Marketing,2001-12-19 23:22:51
Simon,Product Management,2002-10-25 05:44:34
Willy,Engineering,2004-10-06 15:50:46
Maurits,Sales,2002-01-27 04:21:27
Lucia,Engineering,2002-02-28 17:25:56
Cassandre,Legal,2003-03-04 09:32:35
Jimmy,Support,2002-05-07 03:58:10
Jabez,Marketing,2003-06-15 14:49:31
Ottilie,Sales,2001-06-22 14:58:57
Karlens,Human Resources,2001-06-28 21:29:03
Brice,Sales,2003-08-30 23:20:01
Murial,Support,2001-09-13 03:52:18
Nehemiah,Research and Development,2002-04-07 07:25:51
Jordain,Legal,2000-12-25 01:58:45
Elwood,Human Resources,2003-12-14 19:49:57
Jennee,Research and Development,2001-04-22 17:05:47
Isadora,Engineering,2004-02-11 19:46:02
Hayley,Human Resources,2003-11-11 05:25:44
Thekla,Training,2001-12-02 14:55:43
Wheeler,Human Resources,2003-05-28 20:24:55
Bing,Marketing,2004-11-13 09:01:36
Audra,Research and Development,2001-11-08 19:24:38
Den,Research and Development,2001-09-17 18:49:04
Lindon,Product Management,2001-12-06 16:37:18
Babbette,Research and Development,2001-08-29 01:21:18
Lani,Sales,2002-08-12 00:56:26
Regan,Marketing,2003-05-29 02:24:22
Debee,Product Management,2001-03-25 11:06:19
Dorelia,Marketing,2003-09-05 21:16:22
Korry,Sales,2005-03-11 03:53:20
Chandler,Training,2003-07-14 21:21:58
Sandra,Marketing,2003-07-09 05:31:30
Huntlee,Support,2000-12-20 03:29:13
Gavrielle,Support,2005-02-06 04:24:24
Shane,Marketing,2004-12-05 21:01:33
Thacher,Product Management,2000-10-22 10:59:08
Alasdair,Human Resources,2005-03-26 05:36:05
Ranice,Business Development,2004-03-11 10:06:10
Angil,Legal,2002-06-10 22:36:04
Karlan,Services,2000-08-16 14:44:03
Francyne,Legal,2001-03-28 10:06:15
Eve,Human Resources,2002-04-26 02:39:00
Maddy,Product Management,2003-03-17 07:31:30
Fifine,Training,2000-08-12 04:25:56
Odie,Engineering,2001-01-09 16:31:11
Gabriele,Legal,2004-10-17 21:57:16
Geordie,Marketing,2000-09-09 22:50:30
Jon,Sales,2001-09-06 04:25:30
Rivkah,Product Management,2001-04-25 00:58:57
Sofia,Sales,2004-10-07 12:43:01
Misti,Legal,2004-09-07 05:35:39
Wanda,Research and Development,2005-01-15 20:31:17
Salvatore,Services,2003-01-31 05:53:08
Sam,Support,2002-12-09 17:51:13
Lockwood,Sales,2005-01-18 16:54:35
Erena,Research and Development,2005-03-14 21:42:41
Cyndia,Legal,2002-07-17 07:33:17
Coriss,Human Resources,2004-01-21 15:26:44
Guthry,Legal,2004-07-09 21:20:54
Hyacinth,Research and Development,2000-08-08 01:00:36
Dian,Legal,2004-02-02 06:07:23
Stepha,Business Development,2001-12-13 10:55:20
Casey,Business Development,2001-12-04 13:54:08
Garek,Legal,2001-03-23 06:36:14
Jammie,Support,2003-01-12 19:48:51
Quintus,Human Resources,2001-03-03 20:14:22
Mohandis,Engineering,2004-11-28 17:15:49
Dur,Training,2004-01-17 03:00:41
Jeffry,Marketing,2005-03-25 19:29:17
Olympe,Product Management,2005-02-04 01:05:44
Hakim,Training,2004-09-15 12:44:55
Sigismund,Human Resources,2004-02-26 22:54:16
Gill,Marketing,2001-06-08 21:31:42
Farris,Product Management,2002-02-05 10:55:51
Bethany,Accounting,2003-12-23 05:13:38
Bobby,Support,2004-04-25 13:32:46
Nicola,Business Development,2000-10-29 12:41:39
Roselle,Product Management,2005-04-08 08:33:36
Grissel,Support,2003-05-12 02:55:59
Barton,Research and Development,2000-10-05 00:48:13
Florri,Legal,2003-01-02 19:08:16
Marci,Sales,2003-11-22 15:47:59
Edin,Legal,2003-03-10 19:26:46
Pooh,Product Management,2001-01-06 09:19:03
Kimbra,Human Resources,2004-09-13 05:37:43
Stephenie,Human Resources,2003-01-24 03:24:04
Leonardo,Business Development,2001-01-06 00:14:13
Jeanne,Legal,2004-05-15 05:17:57
Pam,Legal,2001-10-28 07:15:34
Vernen,Training,2002-04-18 22:33:16
Ann,Product Management,2000-08-09 03:31:40
Merci,Training,2000-07-31 00:55:39
Calypso,Engineering,2000-08-05 20:41:25
Verna,Human Resources,2001-09-25 16:59:08
Gaelan,Research and Development,2004-03-19 10:23:52
Steven,Marketing,2003-07-19 07:50:33
Giovanna,Research and Development,2000-09-02 03:42:39
Damien,Human Resources,2002-05-21 01:03:26
Phoebe,Marketing,2001-07-11 03:22:34
Toby,Accounting,2003-01-04 03:08:51
Marcelia,Marketing,2001-09-16 21:11:47
Fields,Marketing,2002-01-31 07:08:14
Bjorn,Legal,2003-07-22 02:41:45
Inigo,Engineering,2001-11-27 02:12:56
Larissa,Product Management,2001-09-01 00:45:46
Nanine,Engineering,2002-08-18 14:18:32
Olivero,Engineering,2005-03-09 01:00:04
Ros,Support,2000-07-09 04:41:29
Jacqueline,Product Management,2005-01-06 19:59:16
Parrnell,Support,2001-03-05 13:35:50
Trina,Research and Development,2004-04-01 19:44:15
Meridith,Research and Development,2000-12-01 06:38:51
Harold,Accounting,2004-04-12 09:48:57
Dredi,Accounting,2002-10-28 17:15:23
Wilhelm,Product Management,2001-03-08 22:27:29
Haven,Product Management,2002-08-20 02:51:47
Wallie,Research and Development,2004-04-05 02:33:27
Niles,Engineering,2002-02-25 23:52:59
Marketa,Engineering,2000-10-15 00:41:38
Michaella,Business Development,2001-12-03 16:47:27
Leon,Legal,2000-08-02 09:37:29
Britt,Legal,2003-06-29 20:44:31
Raviv,Marketing,2003-02-09 03:19:55
Gustav,Human Resources,2002-09-21 11:15:12
Marylee,Research and Development,2003-03-08 15:52:06
Bartholomeo,Engineering,2000-12-08 00:37:41
Vasily,Marketing,2003-12-13 19:47:04
Murvyn,Product Management,2003-10-09 11:12:24
Saw,Human Resources,2000-10-19 06:35:28
Michal,Support,2003-03-28 08:15:35
Kelvin,Business Development,2003-03-05 05:09:42
Vi,Product Management,2001-05-30 03:46:22
Quinton,Research and Development,2003-04-16 03:41:15
Wilfred,Engineering,2005-01-30 05:50:41
Hewitt,Sales,2001-02-23 16:51:55
Costa,Business Development,2000-07-20 14:42:45
Gustavo,Accounting,2000-10-27 08:49:48
Henrieta,Sales,2002-01-25 17:25:51
Osbourn,Accounting,2003-02-23 20:23:40
Kassie,Training,2005-04-16 02:33:00
Rosalind,Product Management,2002-03-05 17:18:38
Norbert,Sales,2001-01-28 07:27:03
Avery,Support,2003-06-30 20:56:16
Correy,Human Resources,2004-09-04 08:05:28
Burty,Engineering,2004-08-25 07:37:00
Nicky,Research and Development,2000-12-16 11:03:00
Mira,Business Development,2003-07-15 23:19:20
Emilee,Legal,2001-11-12 15:54:45
Celestyna,Accounting,2004-05-27 17:18:54
Terry,Accounting,2004-05-19 16:25:08
Eddie,Training,2004-06-12 05:53:25
Con,Services,2002-09-15 15:15:37
Dorie,Services,2002-02-01 17:28:19
Codie,Marketing,2005-01-09 16:21:21
Elana,Marketing,2001-09-15 03:16:21
Johnna,Support,2001-10-07 21:10:04
Verne,Accounting,2002-12-21 10:10:08
Orelle,Sales,2003-02-03 20:26:20
Bert,Services,2001-08-23 11:32:18
Lazarus,Services,2000-07-27 13:19:42
Fanechka,Services,2004-02-22 05:07:56
Ginger,Research and Development,2004-10-13 23:05:20
Ron,Legal,2003-08-10 23:54:52
Joanna,Product Management,2000-10-28 01:30:31
Dara,Marketing,2004-03-06 08:53:21
Hiram,Business Development,2004-08-07 18:19:10
Barton,Human Resources,2003-06-15 00:08:49
Rana,Marketing,2004-01-19 22:01:02
Hersh,Marketing,2001-11-15 18:02:17
Prent,Sales,2001-07-04 21:25:28
Myrvyn,Sales,2001-03-01 11:06:44
Lelia,Engineering,2002-05-03 01:40:32
Korey,Research and Development,2003-01-02 02:12:17
Riley,Research and Development,2002-06-02 19:14:58
Waverly,Research and Development,2001-06-07 16:20:05
Eldridge,Marketing,2004-10-26 14:22:58
Ives,Support,2002-06-19 00:09:01
George,Engineering,2002-11-13 14:20:35
Reidar,Product Management,2004-02-10 14:30:25
Archambault,Accounting,2004-08-26 09:36:38
Tiffi,Product Management,2001-10-28 12:07:06
Orella,Marketing,2000-06-27 05:38:04
Maible,Marketing,2003-09-29 21:37:13
Gare,Marketing,2003-02-16 18:36:50
