id,nome,nascimento,cargo
1,Hallan,Thu May 29 1986 00:00:00 GMT-0300 (GMT-03:00),Analista de Sistemas
2,Jonatas,Tue Feb 13 1990 00:00:00 GMT-0300 (GMT-03:00),Programador
3,Claudette Maylin,Mon May 22 2017 00:00:00 GMT-0300 (GMT-03:00),Food Chemist
4,Caprice Romagnosi,Sat Oct 08 2016 00:00:00 GMT-0300 (GMT-03:00),VP Sales
5,Fifine Boylin,Tue Jun 06 2017 00:00:00 GMT-0300 (GMT-03:00),Account Coordinator
6,Lorry Totman,Wed May 17 2017 00:00:00 GMT-0300 (GMT-03:00),Software Test Engineer II
7,Elwood Siggery,Mon Apr 24 2017 00:00:00 GMT-0300 (GMT-03:00),Developer II
8,Jeffy Spinella,Sun Oct 02 2016 00:00:00 GMT-0300 (GMT-03:00),Project Manager
9,Joela Rizzillo,Sat Apr 01 2017 00:00:00 GMT-0300 (GMT-03:00),Human Resources Manager
10,Abramo Threadgould,Thu Sep 08 2016 00:00:00 GMT-0300 (GMT-03:00),GIS Technical Architect
11,Marc Roseblade,Sun Apr 30 2017 00:00:00 GMT-0300 (GMT-03:00),Professor
12,Renard Toplis,Sun Jan 15 2017 00:00:00 GMT-0200 (GMT-03:00),Registered Nurse
13,Rafaela Twelvetree,Thu Jan 19 2017 00:00:00 GMT-0200 (GMT-03:00),Business Systems Development Analyst
14,Stephan Brennans,Sat Feb 25 2017 00:00:00 GMT-0300 (GMT-03:00),Automation Specialist I
15,Jerald Bahlmann,Sun Feb 26 2017 00:00:00 GMT-0300 (GMT-03:00),Geological Engineer
16,Fielding Norcutt,Sun Oct 30 2016 00:00:00 GMT-0200 (GMT-03:00),Assistant Professor
17,Bartolemo Crayker,Sat Jun 03 2017 00:00:00 GMT-0300 (GMT-03:00),Design Engineer
18,Sayers Brevitt,Sun Sep 18 2016 00:00:00 GMT-0300 (GMT-03:00),Account Coordinator
19,Herby Scimonelli,Mon Feb 27 2017 00:00:00 GMT-0300 (GMT-03:00),Professor
20,Far Durnian,Sat Jan 21 2017 00:00:00 GMT-0200 (GMT-03:00),Research Associate
21,Aluino Swate,Wed Sep 07 2016 00:00:00 GMT-0300 (GMT-03:00),Analog Circuit Design manager
22,Val Grigorescu,Tue Jan 31 2017 00:00:00 GMT-0200 (GMT-03:00),Environmental Tech
23,Martha Cattellion,Fri Jan 27 2017 00:00:00 GMT-0200 (GMT-03:00),Business Systems Development Analyst
24,Abraham McKern,Tue May 16 2017 00:00:00 GMT-0300 (GMT-03:00),Help Desk Technician
25,Daven Rallings,Sun Aug 21 2016 00:00:00 GMT-0300 (GMT-03:00),Recruiting Manager
26,Georgie Lauridsen,Tue Oct 11 2016 00:00:00 GMT-0300 (GMT-03:00),Environmental Specialist
27,Genia Hurry,Mon Jan 16 2017 00:00:00 GMT-0200 (GMT-03:00),Actuary
28,Dorine Chimes,Wed Feb 22 2017 00:00:00 GMT-0300 (GMT-03:00),Quality Control Specialist
29,Kimberli Shenfisch,Thu Aug 03 2017 00:00:00 GMT-0300 (GMT-03:00),Financial Advisor
30,Gennifer Cesaric,Mon May 08 2017 00:00:00 GMT-0300 (GMT-03:00),GIS Technical Architect
31,Angelo Dykas,Mon Mar 20 2017 00:00:00 GMT-0300 (GMT-03:00),Senior Developer
32,Maureen Stobo,Mon Dec 12 2016 00:00:00 GMT-0200 (GMT-03:00),Financial Analyst
33,Gwennie McCarroll,Fri Feb 24 2017 00:00:00 GMT-0300 (GMT-03:00),Director of Sales
34,Page Hatherell,Sun Nov 06 2016 00:00:00 GMT-0200 (GMT-03:00),Design Engineer
35,Mickey Hyett,Thu Sep 01 2016 00:00:00 GMT-0300 (GMT-03:00),GIS Technical Architect
36,Coretta Vaadeland,Sat Jan 21 2017 00:00:00 GMT-0200 (GMT-03:00),Associate Professor
37,Shannah Dunk,Sat Jan 14 2017 00:00:00 GMT-0200 (GMT-03:00),Nuclear Power Engineer
38,Lurline Mingasson,Thu Oct 20 2016 00:00:00 GMT-0200 (GMT-03:00),Paralegal
39,Carolus Kennedy,Mon Aug 29 2016 00:00:00 GMT-0300 (GMT-03:00),Sales Representative
40,Ezmeralda des Remedios,Sat May 27 2017 00:00:00 GMT-0300 (GMT-03:00),Human Resources Manager
41,Debbie Bruckstein,Fri Jul 21 2017 00:00:00 GMT-0300 (GMT-03:00),Project Manager
42,Mickey Stang-Gjertsen,Tue Sep 13 2016 00:00:00 GMT-0300 (GMT-03:00),Research Assistant IV
43,Billy Gemelli,Sun Sep 18 2016 00:00:00 GMT-0300 (GMT-03:00),Computer Systems Analyst I
44,Ramona Vicary,Tue Mar 14 2017 00:00:00 GMT-0300 (GMT-03:00),Librarian
45,Felita Uzelli,Tue Aug 08 2017 00:00:00 GMT-0300 (GMT-03:00),Structural Engineer
46,Ilsa Horribine,Sun Aug 21 2016 00:00:00 GMT-0300 (GMT-03:00),Internal Auditor
47,Sophie Bisgrove,Mon Aug 07 2017 00:00:00 GMT-0300 (GMT-03:00),Compensation Analyst
48,Ulises Van Daalen,Sat May 13 2017 00:00:00 GMT-0300 (GMT-03:00),Administrative Assistant I
49,Morgen Houston,Sun Oct 30 2016 00:00:00 GMT-0200 (GMT-03:00),Software Test Engineer III
50,Byrom Glidden,Thu Feb 16 2017 00:00:00 GMT-0200 (GMT-03:00),Environmental Tech
51,Joey Le Jean,Sun Sep 25 2016 00:00:00 GMT-0300 (GMT-03:00),Biostatistician III
52,Talia Chrstine,Mon Oct 17 2016 00:00:00 GMT-0200 (GMT-03:00),VP Quality Control
53,Lynn Marven,Mon Jan 23 2017 00:00:00 GMT-0200 (GMT-03:00),Information Systems Manager
54,Agnesse Janca,Sat Feb 25 2017 00:00:00 GMT-0300 (GMT-03:00),Senior Developer
55,Agna Oxtarby,Thu Sep 29 2016 00:00:00 GMT-0300 (GMT-03:00),Director of Sales
56,Wilbur Mecco,Sun Nov 06 2016 00:00:00 GMT-0200 (GMT-03:00),Sales Associate
57,Lyssa Howley,Sun Jul 02 2017 00:00:00 GMT-0300 (GMT-03:00),Electrical Engineer
58,Stewart Ivanchov,Mon Dec 19 2016 00:00:00 GMT-0200 (GMT-03:00),Junior Executive
59,Davie Borton,Mon Nov 07 2016 00:00:00 GMT-0200 (GMT-03:00),VP Accounting
60,Filberto O'Devey,Wed Dec 07 2016 00:00:00 GMT-0200 (GMT-03:00),Senior Cost Accountant
61,Cherise Grimshaw,Tue Jun 20 2017 00:00:00 GMT-0300 (GMT-03:00),Legal Assistant
62,Maude Thying,Wed Aug 02 2017 00:00:00 GMT-0300 (GMT-03:00),Staff Scientist
63,Babs Praill,Fri Nov 18 2016 00:00:00 GMT-0200 (GMT-03:00),Financial Analyst
64,Venus Henstone,Sun Dec 11 2016 00:00:00 GMT-0200 (GMT-03:00),VP Marketing
65,Yanaton Dawson,Sat Apr 01 2017 00:00:00 GMT-0300 (GMT-03:00),Chemical Engineer
66,Araldo Mangeon,Fri May 05 2017 00:00:00 GMT-0300 (GMT-03:00),Systems Administrator II
67,Shaun Hargrove,Fri Feb 10 2017 00:00:00 GMT-0200 (GMT-03:00),Systems Administrator II
68,Lindi Yorke,Sat Jul 15 2017 00:00:00 GMT-0300 (GMT-03:00),Design Engineer
69,Nikolos Della Scala,Thu Feb 02 2017 00:00:00 GMT-0200 (GMT-03:00),Social Worker
70,Brinna Turbat,Sun Feb 19 2017 00:00:00 GMT-0300 (GMT-03:00),Research Associate
71,Veda Guerrazzi,Wed Dec 28 2016 00:00:00 GMT-0200 (GMT-03:00),Senior Developer
72,Reg Gatchel,Fri Sep 23 2016 00:00:00 GMT-0300 (GMT-03:00),Budget/Accounting Analyst II
73,Gilli Daice,Mon Mar 20 2017 00:00:00 GMT-0300 (GMT-03:00),Executive Secretary
74,Cherice Bernhardi,Tue Feb 21 2017 00:00:00 GMT-0300 (GMT-03:00),Payment Adjustment Coordinator
75,Cordie Jaume,Mon Jul 10 2017 00:00:00 GMT-0300 (GMT-03:00),VP Marketing
76,Matt Dyke,Wed Mar 08 2017 00:00:00 GMT-0300 (GMT-03:00),Help Desk Operator
77,Harold Angelini,Tue Jul 11 2017 00:00:00 GMT-0300 (GMT-03:00),Administrative Assistant I
78,Veradis Rottger,Mon Jan 16 2017 00:00:00 GMT-0200 (GMT-03:00),General Manager
79,Harv Trusdale,Mon Jul 31 2017 00:00:00 GMT-0300 (GMT-03:00),Chief Design Engineer
80,Laural Vampouille,Wed Aug 10 2016 00:00:00 GMT-0300 (GMT-03:00),Account Coordinator
81,Maynard McCrum,Sat Aug 20 2016 00:00:00 GMT-0300 (GMT-03:00),Programmer IV
82,Tiphanie Stryde,Fri Mar 17 2017 00:00:00 GMT-0300 (GMT-03:00),Accountant IV
83,Alicea Brimmacombe,Mon Jan 30 2017 00:00:00 GMT-0200 (GMT-03:00),Geologist IV
84,Nathaniel Gabbatiss,Sat Nov 19 2016 00:00:00 GMT-0200 (GMT-03:00),Food Chemist
85,Nicolea Killbey,Fri May 19 2017 00:00:00 GMT-0300 (GMT-03:00),Social Worker
86,Leesa Hrishanok,Fri Apr 21 2017 00:00:00 GMT-0300 (GMT-03:00),Administrative Officer
87,Lorelle Gusney,Mon May 08 2017 00:00:00 GMT-0300 (GMT-03:00),Editor
88,Arne Land,Sat Jun 24 2017 00:00:00 GMT-0300 (GMT-03:00),Physical Therapy Assistant
89,Benson Van Castele,Sat Aug 27 2016 00:00:00 GMT-0300 (GMT-03:00),Physical Therapy Assistant
90,Arabele Jarmaine,Tue Jul 25 2017 00:00:00 GMT-0300 (GMT-03:00),Analog Circuit Design manager
91,Lemuel Rykert,Mon Jan 09 2017 00:00:00 GMT-0200 (GMT-03:00),Teacher
92,Doris Dabnor,Sun May 14 2017 00:00:00 GMT-0300 (GMT-03:00),Electrical Engineer
93,Janetta Haughin,Sun Sep 18 2016 00:00:00 GMT-0300 (GMT-03:00),VP Product Management
94,Cecilio MacGillespie,Wed Jun 14 2017 00:00:00 GMT-0300 (GMT-03:00),Desktop Support Technician
95,Mirna Turneaux,Mon Mar 06 2017 00:00:00 GMT-0300 (GMT-03:00),Sales Representative
96,Alisander Wozencroft,Thu Sep 08 2016 00:00:00 GMT-0300 (GMT-03:00),Web Developer III
97,Gerrie Appleby,Thu Jan 26 2017 00:00:00 GMT-0200 (GMT-03:00),GIS Technical Architect
98,Massimo Blaver,Thu Jan 19 2017 00:00:00 GMT-0200 (GMT-03:00),Senior Quality Engineer
99,Luz Bilofsky,Wed Jun 28 2017 00:00:00 GMT-0300 (GMT-03:00),Programmer Analyst I
100,Antoinette Ridpath,Mon Apr 17 2017 00:00:00 GMT-0300 (GMT-03:00),Media Manager III
101,Dacia Brophy,Sat Jul 15 2017 00:00:00 GMT-0300 (GMT-03:00),Librarian
102,Cullen Wherrett,Fri Jul 28 2017 00:00:00 GMT-0300 (GMT-03:00),Software Engineer II
103,Sylvia Honack,Sat Oct 08 2016 00:00:00 GMT-0300 (GMT-03:00),Quality Control Specialist
104,Clemmy Baiyle,Wed Aug 02 2017 00:00:00 GMT-0300 (GMT-03:00),Executive Secretary
105,Lian Dahl,Mon Jun 05 2017 00:00:00 GMT-0300 (GMT-03:00),Librarian
106,Gavin Gary,Sat Apr 15 2017 00:00:00 GMT-0300 (GMT-03:00),Senior Quality Engineer
107,Spence Cripin,Thu Aug 03 2017 00:00:00 GMT-0300 (GMT-03:00),Sales Representative
108,Jerrylee Dovington,Mon Jan 23 2017 00:00:00 GMT-0200 (GMT-03:00),Design Engineer
109,Gabrila Goodrich,Fri May 26 2017 00:00:00 GMT-0300 (GMT-03:00),Information Systems Manager
110,Adler Lucey,Tue Feb 28 2017 00:00:00 GMT-0300 (GMT-03:00),Nurse
111,Bambi Springell,Thu Dec 08 2016 00:00:00 GMT-0200 (GMT-03:00),Biostatistician II
112,Odilia Fannin,Wed Jan 04 2017 00:00:00 GMT-0200 (GMT-03:00),Assistant Manager
113,Willdon Giggie,Mon Jul 17 2017 00:00:00 GMT-0300 (GMT-03:00),Geologist II
114,Cindelyn Boddymead,Thu Apr 20 2017 00:00:00 GMT-0300 (GMT-03:00),Community Outreach Specialist
115,Tine Cossom,Thu Apr 06 2017 00:00:00 GMT-0300 (GMT-03:00),Environmental Specialist
116,Lurleen Gascone,Thu Feb 23 2017 00:00:00 GMT-0300 (GMT-03:00),Dental Hygienist
117,Val Lunn,Sun Mar 19 2017 00:00:00 GMT-0300 (GMT-03:00),Editor
118,Eada Darbon,Sat Dec 10 2016 00:00:00 GMT-0200 (GMT-03:00),Administrative Assistant II
119,Dina Becom,Fri Mar 03 2017 00:00:00 GMT-0300 (GMT-03:00),Computer Systems Analyst III
120,Brittan Scoffins,Sun Aug 14 2016 00:00:00 GMT-0300 (GMT-03:00),Research Associate
121,Lenee Lakeman,Tue Nov 29 2016 00:00:00 GMT-0200 (GMT-03:00),Research Assistant I
122,Simeon Stiell,Sat Jul 15 2017 00:00:00 GMT-0300 (GMT-03:00),Librarian
123,Adella Collen,Thu Mar 23 2017 00:00:00 GMT-0300 (GMT-03:00),Data Coordiator
124,Gard Muttock,Fri May 19 2017 00:00:00 GMT-0300 (GMT-03:00),Nuclear Power Engineer
125,Lane Dallon,Thu Mar 16 2017 00:00:00 GMT-0300 (GMT-03:00),Nuclear Power Engineer
126,Drucill Bartolozzi,Thu Aug 03 2017 00:00:00 GMT-0300 (GMT-03:00),Information Systems Manager
127,Eldridge Spaldin,Sun Sep 11 2016 00:00:00 GMT-0300 (GMT-03:00),GIS Technical Architect
128,Rickey Guilford,Mon Jun 26 2017 00:00:00 GMT-0300 (GMT-03:00),Civil Engineer
129,Alvie Duffin,Wed Oct 12 2016 00:00:00 GMT-0300 (GMT-03:00),Automation Specialist IV
130,Glyn Hynd,Wed Jun 21 2017 00:00:00 GMT-0300 (GMT-03:00),Pharmacist
131,Lombard Begbie,Thu Oct 20 2016 00:00:00 GMT-0200 (GMT-03:00),Assistant Professor
132,Moritz Bog,Sun Mar 05 2017 00:00:00 GMT-0300 (GMT-03:00),Sales Associate
133,Grazia Shotter,Thu Apr 13 2017 00:00:00 GMT-0300 (GMT-03:00),Tax Accountant
134,Iolanthe Duggon,Sat Dec 24 2016 00:00:00 GMT-0200 (GMT-03:00),Assistant Media Planner
135,Regine Canto,Sun Oct 09 2016 00:00:00 GMT-0300 (GMT-03:00),Computer Systems Analyst I
136,Natividad Aird,Tue Jan 10 2017 00:00:00 GMT-0200 (GMT-03:00),Assistant Professor
137,Devora Orht,Mon Nov 07 2016 00:00:00 GMT-0200 (GMT-03:00),Senior Editor
138,Brucie Skinley,Sat May 06 2017 00:00:00 GMT-0300 (GMT-03:00),Automation Specialist IV
139,Mark Twycross,Fri Oct 21 2016 00:00:00 GMT-0200 (GMT-03:00),Administrative Assistant I
140,Duane Gerred,Sun Jun 18 2017 00:00:00 GMT-0300 (GMT-03:00),Electrical Engineer
141,Bearnard Tryhorn,Mon Feb 20 2017 00:00:00 GMT-0300 (GMT-03:00),Legal Assistant
142,Roderick Armsden,Fri Jun 30 2017 00:00:00 GMT-0300 (GMT-03:00),Desktop Support Technician
143,Ivie Djekic,Wed Nov 02 2016 00:00:00 GMT-0200 (GMT-03:00),Speech Pathologist
144,Marco Vasiljevic,Sat Apr 15 2017 00:00:00 GMT-0300 (GMT-03:00),Data Coordiator
145,Queenie Wadsworth,Wed Aug 09 2017 00:00:00 GMT-0300 (GMT-03:00),Safety Technician III
146,Dorey Ranscombe,Tue Aug 08 2017 00:00:00 GMT-0300 (GMT-03:00),Quality Control Specialist
147,Garrot Schanke,Tue Jul 11 2017 00:00:00 GMT-0300 (GMT-03:00),Executive Secretary
148,Devina Humes,Wed Oct 12 2016 00:00:00 GMT-0300 (GMT-03:00),Biostatistician I
149,Sharai Voas,Mon Sep 05 2016 00:00:00 GMT-0300 (GMT-03:00),Account Representative I
150,Philippine Dundridge,Wed Nov 30 2016 00:00:00 GMT-0200 (GMT-03:00),Financial Analyst
151,Mac Woods,Sat Jul 08 2017 00:00:00 GMT-0300 (GMT-03:00),Research Assistant I
152,Aurlie Beumant,Sat Jan 28 2017 00:00:00 GMT-0200 (GMT-03:00),Biostatistician IV
153,Vincents Darke,Wed Jun 14 2017 00:00:00 GMT-0300 (GMT-03:00),Civil Engineer
154,Hermann Renshall,Sat Jul 15 2017 00:00:00 GMT-0300 (GMT-03:00),Electrical Engineer
155,Lorrayne Bridgen,Thu Sep 22 2016 00:00:00 GMT-0300 (GMT-03:00),Sales Representative
156,Jaine Cartwight,Tue Jan 10 2017 00:00:00 GMT-0200 (GMT-03:00),Business Systems Development Analyst
157,Danyette Parkeson,Tue Jan 10 2017 00:00:00 GMT-0200 (GMT-03:00),Administrative Assistant IV
158,Shauna Braunfeld,Mon Apr 17 2017 00:00:00 GMT-0300 (GMT-03:00),Nurse
159,Barnie Artrick,Tue Jan 24 2017 00:00:00 GMT-0200 (GMT-03:00),VP Sales
160,Blondell Barwell,Sat Jan 21 2017 00:00:00 GMT-0200 (GMT-03:00),Quality Control Specialist
161,Carleton Gobourn,Fri May 19 2017 00:00:00 GMT-0300 (GMT-03:00),Structural Engineer
162,Tim Crees,Sun Feb 19 2017 00:00:00 GMT-0300 (GMT-03:00),Financial Advisor
163,Amos Downie,Wed Aug 24 2016 00:00:00 GMT-0300 (GMT-03:00),Web Developer I
164,Kiley Exelby,Mon Jan 16 2017 00:00:00 GMT-0200 (GMT-03:00),Desktop Support Technician
165,Lorant Unger,Sun Aug 06 2017 00:00:00 GMT-0300 (GMT-03:00),VP Accounting
166,Hartwell Postlewhite,Mon Mar 13 2017 00:00:00 GMT-0300 (GMT-03:00),Community Outreach Specialist
167,Dyann Wethers,Wed May 17 2017 00:00:00 GMT-0300 (GMT-03:00),Project Manager
168,Noll Hiner,Tue Aug 01 2017 00:00:00 GMT-0300 (GMT-03:00),GIS Technical Architect
169,Missie Carah,Tue Aug 23 2016 00:00:00 GMT-0300 (GMT-03:00),Desktop Support Technician
170,Carilyn Menendes,Tue May 23 2017 00:00:00 GMT-0300 (GMT-03:00),VP Accounting
171,Holly-anne Mallatratt,Sat Sep 24 2016 00:00:00 GMT-0300 (GMT-03:00),Media Manager III
172,Fiorenze Eadmead,Thu Aug 25 2016 00:00:00 GMT-0300 (GMT-03:00),Desktop Support Technician
173,Olenolin Gouth,Sun Nov 27 2016 00:00:00 GMT-0200 (GMT-03:00),Environmental Specialist
174,Gladi Staveley,Sat Jun 17 2017 00:00:00 GMT-0300 (GMT-03:00),Analog Circuit Design manager
175,Letti Postins,Mon Jul 24 2017 00:00:00 GMT-0300 (GMT-03:00),GIS Technical Architect
176,Shadow Southard,Wed Nov 23 2016 00:00:00 GMT-0200 (GMT-03:00),Web Designer IV
177,Ellie Eyckelbeck,Fri Mar 10 2017 00:00:00 GMT-0300 (GMT-03:00),Budget/Accounting Analyst II
178,Nikki Josilevich,Wed Feb 08 2017 00:00:00 GMT-0200 (GMT-03:00),Analog Circuit Design manager
179,Garwood Smooth,Wed Jun 07 2017 00:00:00 GMT-0300 (GMT-03:00),Computer Systems Analyst I
180,Adolphus Gorch,Sat Dec 17 2016 00:00:00 GMT-0200 (GMT-03:00),Paralegal
181,Hilly Kenright,Sat Dec 24 2016 00:00:00 GMT-0200 (GMT-03:00),Environmental Tech
182,Bronnie Brandt,Mon Nov 28 2016 00:00:00 GMT-0200 (GMT-03:00),Administrative Assistant III
183,Taite Guiet,Tue Jan 17 2017 00:00:00 GMT-0200 (GMT-03:00),Help Desk Technician
184,Grove Ree,Wed Jun 21 2017 00:00:00 GMT-0300 (GMT-03:00),Technical Writer
185,Barnard Vanni,Sat Jan 07 2017 00:00:00 GMT-0200 (GMT-03:00),Research Associate
186,Nikaniki Bouch,Fri Jul 07 2017 00:00:00 GMT-0300 (GMT-03:00),Design Engineer
187,Elbert Fiddiman,Mon Apr 17 2017 00:00:00 GMT-0300 (GMT-03:00),Help Desk Technician
188,Lew Tunnock,Sun Oct 30 2016 00:00:00 GMT-0200 (GMT-03:00),Programmer II
189,Irma Izchaki,Sun Sep 04 2016 00:00:00 GMT-0300 (GMT-03:00),Software Engineer IV
190,Conney Flarity,Fri Mar 10 2017 00:00:00 GMT-0300 (GMT-03:00),Administrative Officer
191,Sher Jira,Mon Dec 26 2016 00:00:00 GMT-0200 (GMT-03:00),Compensation Analyst
192,Elna Shipsey,Wed Jan 25 2017 00:00:00 GMT-0200 (GMT-03:00),Research Assistant IV
193,Dell Gentil,Mon Feb 20 2017 00:00:00 GMT-0300 (GMT-03:00),Quality Control Specialist
194,Kimmi Browncey,Thu Feb 16 2017 00:00:00 GMT-0200 (GMT-03:00),Clinical Specialist
195,Gaylord Wolford,Fri Jun 02 2017 00:00:00 GMT-0300 (GMT-03:00),Engineer II
196,Guthry Swin,Fri Aug 19 2016 00:00:00 GMT-0300 (GMT-03:00),Dental Hygienist
197,Elyn Castanho,Sun Nov 27 2016 00:00:00 GMT-0200 (GMT-03:00),VP Quality Control
198,Rheba Van Schafflaer,Fri Dec 30 2016 00:00:00 GMT-0200 (GMT-03:00),Professor
199,Rhiamon Sexten,Sun Nov 27 2016 00:00:00 GMT-0200 (GMT-03:00),Occupational Therapist
200,Glyn Reason,Sat Jun 10 2017 00:00:00 GMT-0300 (GMT-03:00),Programmer IV
201,Sonnie Peak,Mon Jul 24 2017 00:00:00 GMT-0300 (GMT-03:00),Geologist IV
202,Luciana Wasmuth,Sat Dec 10 2016 00:00:00 GMT-0200 (GMT-03:00),Assistant Manager
203,Trudy Drieu,Wed Jan 11 2017 00:00:00 GMT-0200 (GMT-03:00),Recruiting Manager
204,Warner Kubacek,Tue Jun 20 2017 00:00:00 GMT-0300 (GMT-03:00),Engineer II
205,Bron Andriessen,Sun Nov 20 2016 00:00:00 GMT-0200 (GMT-03:00),Chemical Engineer
206,Justine Blandamore,Thu Feb 02 2017 00:00:00 GMT-0200 (GMT-03:00),Information Systems Manager
207,Nevsa Meir,Mon Jun 26 2017 00:00:00 GMT-0300 (GMT-03:00),Executive Secretary
208,Terry Buey,Sat Jul 08 2017 00:00:00 GMT-0300 (GMT-03:00),Help Desk Technician
209,Nisse Tamlett,Mon Dec 12 2016 00:00:00 GMT-0200 (GMT-03:00),Chief Design Engineer
210,Jessie Hargreves,Tue Jan 10 2017 00:00:00 GMT-0200 (GMT-03:00),Marketing Assistant
211,Frankie Fitzsymon,Wed Jul 26 2017 00:00:00 GMT-0300 (GMT-03:00),Software Consultant
212,Nickie Gudeman,Tue Feb 07 2017 00:00:00 GMT-0200 (GMT-03:00),Senior Sales Associate
213,Robina Gaydon,Tue Oct 04 2016 00:00:00 GMT-0300 (GMT-03:00),Systems Administrator I
214,Elisa Wethers,Tue Feb 07 2017 00:00:00 GMT-0200 (GMT-03:00),Software Engineer IV
215,Penni Wratten,Sat May 27 2017 00:00:00 GMT-0300 (GMT-03:00),Statistician IV
216,Garfield Teligin,Thu Dec 15 2016 00:00:00 GMT-0200 (GMT-03:00),Developer III
217,Belicia Jacobovitch,Fri Nov 18 2016 00:00:00 GMT-0200 (GMT-03:00),Health Coach III
218,Melosa Imesson,Sat Jan 28 2017 00:00:00 GMT-0200 (GMT-03:00),Structural Engineer
219,Torey Feathersby,Wed Oct 12 2016 00:00:00 GMT-0300 (GMT-03:00),Nuclear Power Engineer
220,Boonie Coopper,Fri Mar 24 2017 00:00:00 GMT-0300 (GMT-03:00),Associate Professor
221,Sibley Churcher,Tue Feb 07 2017 00:00:00 GMT-0200 (GMT-03:00),Civil Engineer
222,Cam Lappin,Sun Jul 09 2017 00:00:00 GMT-0300 (GMT-03:00),Graphic Designer
223,Kleon Jenk,Sat Mar 04 2017 00:00:00 GMT-0300 (GMT-03:00),Payment Adjustment Coordinator
224,Nari Woodley,Thu Jan 12 2017 00:00:00 GMT-0200 (GMT-03:00),Product Engineer
225,Brina Isted,Thu Nov 03 2016 00:00:00 GMT-0200 (GMT-03:00),Accounting Assistant I
226,Karlen McGrowther,Sun Jul 09 2017 00:00:00 GMT-0300 (GMT-03:00),Automation Specialist II
227,Rem Banke,Tue Jun 13 2017 00:00:00 GMT-0300 (GMT-03:00),Health Coach III
228,Raul Napleton,Tue Dec 13 2016 00:00:00 GMT-0200 (GMT-03:00),Recruiter
229,Jacquelin Prestidge,Mon Apr 17 2017 00:00:00 GMT-0300 (GMT-03:00),Social Worker
230,Alida Czajka,Sat Mar 11 2017 00:00:00 GMT-0300 (GMT-03:00),Cost Accountant
231,Ali Dumigan,Fri Oct 28 2016 00:00:00 GMT-0200 (GMT-03:00),Associate Professor
232,Aldous Armitt,Sun Jan 01 2017 00:00:00 GMT-0200 (GMT-03:00),Structural Engineer
233,Hilly Chucks,Wed Jan 04 2017 00:00:00 GMT-0200 (GMT-03:00),Nurse Practicioner
234,Chrissy Josifovic,Sat Mar 11 2017 00:00:00 GMT-0300 (GMT-03:00),Project Manager
235,Daisi Whitman,Mon Jan 16 2017 00:00:00 GMT-0200 (GMT-03:00),Product Engineer
236,Lydon Shilton,Wed Oct 05 2016 00:00:00 GMT-0300 (GMT-03:00),VP Marketing
237,Veronica Tolley,Sat Jul 22 2017 00:00:00 GMT-0300 (GMT-03:00),Financial Advisor
238,Lewie Stede,Mon Jul 31 2017 00:00:00 GMT-0300 (GMT-03:00),Safety Technician I
239,Jodi Kilfedder,Sun May 28 2017 00:00:00 GMT-0300 (GMT-03:00),Physical Therapy Assistant
240,Dian Bilbie,Mon Jul 24 2017 00:00:00 GMT-0300 (GMT-03:00),Web Developer IV
241,Adore McInulty,Sat May 20 2017 00:00:00 GMT-0300 (GMT-03:00),Senior Sales Associate
242,Lesley Lillyman,Fri Apr 07 2017 00:00:00 GMT-0300 (GMT-03:00),Business Systems Development Analyst
243,Rog Skae,Sat Mar 25 2017 00:00:00 GMT-0300 (GMT-03:00),Compensation Analyst
244,Veronike Smithson,Mon Oct 24 2016 00:00:00 GMT-0200 (GMT-03:00),Structural Engineer
245,Godiva Ruddin,Thu May 18 2017 00:00:00 GMT-0300 (GMT-03:00),Administrative Officer
246,Kati Cameron,Fri Apr 28 2017 00:00:00 GMT-0300 (GMT-03:00),Marketing Manager
247,Ted Gieves,Sat Nov 19 2016 00:00:00 GMT-0200 (GMT-03:00),Systems Administrator I
248,Dedra Featherby,Sun Jan 22 2017 00:00:00 GMT-0200 (GMT-03:00),Web Designer II
249,Archibold Silmon,Sat Apr 22 2017 00:00:00 GMT-0300 (GMT-03:00),Senior Quality Engineer
250,Cordy Elsegood,Sun Sep 25 2016 00:00:00 GMT-0300 (GMT-03:00),Nuclear Power Engineer
251,Gilles Ruse,Mon Dec 05 2016 00:00:00 GMT-0200 (GMT-03:00),Tax Accountant
252,Shina Deme,Thu Nov 10 2016 00:00:00 GMT-0200 (GMT-03:00),Web Designer II
253,Zea Clawe,Fri Nov 18 2016 00:00:00 GMT-0200 (GMT-03:00),Nurse
254,Kala Jamrowicz,Tue Oct 25 2016 00:00:00 GMT-0200 (GMT-03:00),Director of Sales
255,Giacopo Flaws,Wed Aug 09 2017 00:00:00 GMT-0300 (GMT-03:00),Engineer III
256,Nichols Tunnacliffe,Wed Jan 04 2017 00:00:00 GMT-0200 (GMT-03:00),Staff Scientist
257,Catherine Turvie,Tue Nov 08 2016 00:00:00 GMT-0200 (GMT-03:00),Desktop Support Technician
258,Dill Carillo,Wed Aug 09 2017 00:00:00 GMT-0300 (GMT-03:00),Tax Accountant
259,Rey Tuckie,Thu Nov 03 2016 00:00:00 GMT-0200 (GMT-03:00),Human Resources Assistant IV
260,Teri Reuble,Mon May 08 2017 00:00:00 GMT-0300 (GMT-03:00),Assistant Media Planner
261,Nathalia Zellmer,Wed Dec 28 2016 00:00:00 GMT-0200 (GMT-03:00),Business Systems Development Analyst
262,Missy Wrate,Mon Apr 10 2017 00:00:00 GMT-0300 (GMT-03:00),Internal Auditor
263,Hinda O'Rudden,Wed Sep 28 2016 00:00:00 GMT-0300 (GMT-03:00),Compensation Analyst
264,Alfy Breadon,Sat Jun 03 2017 00:00:00 GMT-0300 (GMT-03:00),Research Associate
265,Dermot Lethby,Sun Jul 30 2017 00:00:00 GMT-0300 (GMT-03:00),Food Chemist
266,Saba Dehn,Tue Feb 14 2017 00:00:00 GMT-0200 (GMT-03:00),Health Coach III
267,Mufi Rains,Tue Sep 06 2016 00:00:00 GMT-0300 (GMT-03:00),Structural Analysis Engineer
268,Berkie Mumberson,Wed Jan 11 2017 00:00:00 GMT-0200 (GMT-03:00),Actuary
269,Katy Beaty,Wed Dec 21 2016 00:00:00 GMT-0200 (GMT-03:00),Editor
270,Cello Lunny,Thu Feb 23 2017 00:00:00 GMT-0300 (GMT-03:00),Senior Quality Engineer
271,Cacilie Towse,Tue Sep 27 2016 00:00:00 GMT-0300 (GMT-03:00),Health Coach I
272,Tyrus Shawyer,Thu May 25 2017 00:00:00 GMT-0300 (GMT-03:00),VP Sales
273,Ardyce Buzin,Wed May 03 2017 00:00:00 GMT-0300 (GMT-03:00),Senior Developer
274,Berte Jesper,Sat Apr 22 2017 00:00:00 GMT-0300 (GMT-03:00),Civil Engineer
275,Dallis Fransoni,Wed Oct 12 2016 00:00:00 GMT-0300 (GMT-03:00),VP Product Management
276,Clemmy McQuorkel,Thu Feb 02 2017 00:00:00 GMT-0200 (GMT-03:00),Structural Engineer
277,Emmit Gilchrest,Tue Jun 20 2017 00:00:00 GMT-0300 (GMT-03:00),Account Coordinator
278,Amabel Rosenberger,Tue May 16 2017 00:00:00 GMT-0300 (GMT-03:00),Electrical Engineer
279,Dynah Drinkall,Tue May 16 2017 00:00:00 GMT-0300 (GMT-03:00),Senior Quality Engineer
280,Llywellyn Koch,Fri Mar 10 2017 00:00:00 GMT-0300 (GMT-03:00),GIS Technical Architect
281,Gabriellia Tabert,Tue Oct 11 2016 00:00:00 GMT-0300 (GMT-03:00),Senior Developer
282,Kort Legat,Mon Apr 17 2017 00:00:00 GMT-0300 (GMT-03:00),Social Worker
283,Arri Clemmens,Thu Mar 02 2017 00:00:00 GMT-0300 (GMT-03:00),Senior Cost Accountant
284,Sayre Ahern,Thu Oct 13 2016 00:00:00 GMT-0300 (GMT-03:00),VP Sales
285,Hastie Bradbeer,Sat Dec 10 2016 00:00:00 GMT-0200 (GMT-03:00),Financial Advisor
286,Katha Lorence,Tue Jun 06 2017 00:00:00 GMT-0300 (GMT-03:00),Internal Auditor
287,Burke Mogridge,Sun Apr 09 2017 00:00:00 GMT-0300 (GMT-03:00),Computer Systems Analyst III
288,Burr Dowey,Thu May 25 2017 00:00:00 GMT-0300 (GMT-03:00),Registered Nurse
289,Brit Gabb,Fri Sep 09 2016 00:00:00 GMT-0300 (GMT-03:00),Nuclear Power Engineer
290,Anneliese Gillopp,Sun Apr 30 2017 00:00:00 GMT-0300 (GMT-03:00),Assistant Media Planner
291,Risa Teenan,Wed Aug 17 2016 00:00:00 GMT-0300 (GMT-03:00),Operator
292,Malcolm Whiteway,Sat Sep 17 2016 00:00:00 GMT-0300 (GMT-03:00),Accounting Assistant III
293,Valaria Hayhoe,Sun Dec 11 2016 00:00:00 GMT-0200 (GMT-03:00),Human Resources Assistant I
294,Leela Speke,Fri Sep 02 2016 00:00:00 GMT-0300 (GMT-03:00),Safety Technician IV
295,Barny Mundwell,Fri Jul 21 2017 00:00:00 GMT-0300 (GMT-03:00),Pharmacist
296,Erinn Southby,Sat Feb 18 2017 00:00:00 GMT-0200 (GMT-03:00),Account Executive
297,Agata McMillan,Tue Aug 30 2016 00:00:00 GMT-0300 (GMT-03:00),Pharmacist
298,Carmita Rieger,Sat May 13 2017 00:00:00 GMT-0300 (GMT-03:00),VP Sales
299,Fairleigh Axelbey,Fri Dec 09 2016 00:00:00 GMT-0200 (GMT-03:00),Payment Adjustment Coordinator
300,Yule Possell,Mon Jul 10 2017 00:00:00 GMT-0300 (GMT-03:00),Senior Developer
301,Hilton Coupman,Thu Jul 20 2017 00:00:00 GMT-0300 (GMT-03:00),Environmental Tech
302,Myrta Blaszczyk,Wed May 10 2017 00:00:00 GMT-0300 (GMT-03:00),Structural Engineer
303,Lezley Smout,Tue Feb 28 2017 00:00:00 GMT-0300 (GMT-03:00),Teacher
304,Cher Elder,Mon Nov 28 2016 00:00:00 GMT-0200 (GMT-03:00),Human Resources Manager
305,Dicky Cocks,Fri Dec 23 2016 00:00:00 GMT-0200 (GMT-03:00),Human Resources Assistant II
306,Bobby Seydlitz,Wed Sep 21 2016 00:00:00 GMT-0300 (GMT-03:00),Quality Engineer
307,Alvinia Yurkevich,Sat Jan 14 2017 00:00:00 GMT-0200 (GMT-03:00),Marketing Manager
308,Reynolds Toghill,Fri May 05 2017 00:00:00 GMT-0300 (GMT-03:00),Quality Control Specialist
309,Jaimie Fripps,Sat Feb 11 2017 00:00:00 GMT-0200 (GMT-03:00),Tax Accountant
310,Hermina Paydon,Sat Jan 21 2017 00:00:00 GMT-0200 (GMT-03:00),Librarian
311,Wilona Elwyn,Wed Dec 28 2016 00:00:00 GMT-0200 (GMT-03:00),Automation Specialist IV
312,Johan Bettison,Fri Aug 04 2017 00:00:00 GMT-0300 (GMT-03:00),Geological Engineer
313,Marissa Heigl,Wed Mar 15 2017 00:00:00 GMT-0300 (GMT-03:00),Social Worker
314,Talyah De Brett,Tue Aug 08 2017 00:00:00 GMT-0300 (GMT-03:00),Operator
315,Robinett Schops,Fri Feb 17 2017 00:00:00 GMT-0200 (GMT-03:00),Human Resources Manager
316,Genni Blemings,Sun May 14 2017 00:00:00 GMT-0300 (GMT-03:00),Recruiter
317,Stillman Pescud,Fri May 05 2017 00:00:00 GMT-0300 (GMT-03:00),Senior Editor
318,Christiana Chung,Sat Jan 07 2017 00:00:00 GMT-0200 (GMT-03:00),Software Consultant
319,Helen-elizabeth Trowell,Wed May 31 2017 00:00:00 GMT-0300 (GMT-03:00),Payment Adjustment Coordinator
320,Stephie Oblein,Thu May 18 2017 00:00:00 GMT-0300 (GMT-03:00),Staff Scientist
321,Towney Philippart,Sun Dec 25 2016 00:00:00 GMT-0200 (GMT-03:00),Analog Circuit Design manager
322,Lydie Rossi,Thu May 11 2017 00:00:00 GMT-0300 (GMT-03:00),VP Accounting
323,Marie-jeanne Capper,Fri Nov 18 2016 00:00:00 GMT-0200 (GMT-03:00),Staff Scientist
324,Barbabas Hussey,Thu Dec 08 2016 00:00:00 GMT-0200 (GMT-03:00),Technical Writer
325,Xenos Poinsett,Tue Oct 04 2016 00:00:00 GMT-0300 (GMT-03:00),Analog Circuit Design manager
326,Gabbie Jumont,Fri Jul 07 2017 00:00:00 GMT-0300 (GMT-03:00),Accounting Assistant I
327,Hiram Bagenal,Sat Jun 03 2017 00:00:00 GMT-0300 (GMT-03:00),Geological Engineer
328,Ophelie Earpe,Sat Nov 12 2016 00:00:00 GMT-0200 (GMT-03:00),Assistant Media Planner
329,Sukey Biasini,Tue Nov 15 2016 00:00:00 GMT-0200 (GMT-03:00),Research Associate
330,Gwennie Barthel,Sun Jan 29 2017 00:00:00 GMT-0200 (GMT-03:00),Sales Representative
331,Sky Rockcliffe,Thu Oct 13 2016 00:00:00 GMT-0300 (GMT-03:00),Senior Cost Accountant
332,Edik Hazael,Sun Sep 11 2016 00:00:00 GMT-0300 (GMT-03:00),Administrative Officer
333,Avivah Mertin,Mon Jun 05 2017 00:00:00 GMT-0300 (GMT-03:00),Quality Control Specialist
334,Skipton Romayn,Mon Sep 05 2016 00:00:00 GMT-0300 (GMT-03:00),Teacher
335,Ximenez Spennock,Mon Oct 10 2016 00:00:00 GMT-0300 (GMT-03:00),Librarian
336,Lurleen Meineck,Sat Aug 20 2016 00:00:00 GMT-0300 (GMT-03:00),Programmer I
337,Pooh Goodwill,Sun Aug 21 2016 00:00:00 GMT-0300 (GMT-03:00),Research Associate
338,Costanza Alexsandrovich,Fri Jan 13 2017 00:00:00 GMT-0200 (GMT-03:00),Assistant Professor
339,Norman Dingivan,Thu Mar 16 2017 00:00:00 GMT-0300 (GMT-03:00),Professor
340,Mick Blazi,Sat Nov 05 2016 00:00:00 GMT-0200 (GMT-03:00),Speech Pathologist
341,Elliot Tarney,Mon Nov 07 2016 00:00:00 GMT-0200 (GMT-03:00),Recruiting Manager
342,Erminia Van den Oord,Tue Mar 14 2017 00:00:00 GMT-0300 (GMT-03:00),Structural Analysis Engineer
343,Calvin Langtree,Thu Apr 06 2017 00:00:00 GMT-0300 (GMT-03:00),Community Outreach Specialist
344,Hermione Riggoll,Sat Dec 10 2016 00:00:00 GMT-0200 (GMT-03:00),Occupational Therapist
345,Codi Admans,Sat Nov 26 2016 00:00:00 GMT-0200 (GMT-03:00),Graphic Designer
346,Carroll Vlasyuk,Tue May 23 2017 00:00:00 GMT-0300 (GMT-03:00),Associate Professor
347,Donnajean Rudwell,Tue May 16 2017 00:00:00 GMT-0300 (GMT-03:00),Environmental Specialist
348,Pietra Issacson,Thu Jun 01 2017 00:00:00 GMT-0300 (GMT-03:00),Quality Engineer
349,Ed Del Castello,Sun Dec 11 2016 00:00:00 GMT-0200 (GMT-03:00),Chemical Engineer
350,Orazio Axup,Sun Nov 20 2016 00:00:00 GMT-0200 (GMT-03:00),Geologist III
351,Giacobo Symson,Mon Sep 19 2016 00:00:00 GMT-0300 (GMT-03:00),Tax Accountant
352,Gideon Larrosa,Mon Jul 31 2017 00:00:00 GMT-0300 (GMT-03:00),Data Coordiator
353,Bernadene Nobriga,Wed Apr 12 2017 00:00:00 GMT-0300 (GMT-03:00),Physical Therapy Assistant
354,Morgen Loveredge,Wed Jul 05 2017 00:00:00 GMT-0300 (GMT-03:00),Recruiting Manager
355,Jeanie Crook,Thu May 04 2017 00:00:00 GMT-0300 (GMT-03:00),VP Marketing
356,Donnie Flavelle,Sun Jan 29 2017 00:00:00 GMT-0200 (GMT-03:00),GIS Technical Architect
357,Kendal Wybern,Mon Dec 05 2016 00:00:00 GMT-0200 (GMT-03:00),Product Engineer
358,Sena Quarry,Mon Jan 16 2017 00:00:00 GMT-0200 (GMT-03:00),Environmental Specialist
359,Gorden Smiley,Sat Jan 07 2017 00:00:00 GMT-0200 (GMT-03:00),Speech Pathologist
360,Aurore Pherps,Wed Mar 15 2017 00:00:00 GMT-0300 (GMT-03:00),Teacher
361,Culver Dulwich,Fri Jun 16 2017 00:00:00 GMT-0300 (GMT-03:00),Registered Nurse
362,Livy Black,Sat Aug 05 2017 00:00:00 GMT-0300 (GMT-03:00),Teacher
363,Rayner Gaynes,Tue Jan 24 2017 00:00:00 GMT-0200 (GMT-03:00),Assistant Professor
364,Nanni Hawley,Sat Nov 19 2016 00:00:00 GMT-0200 (GMT-03:00),Teacher
365,Ilyssa McCanny,Sun Nov 06 2016 00:00:00 GMT-0200 (GMT-03:00),Media Manager I
366,Giovanni Widd,Wed Dec 07 2016 00:00:00 GMT-0200 (GMT-03:00),Analyst Programmer
367,Lockwood Sibley,Wed May 24 2017 00:00:00 GMT-0300 (GMT-03:00),Accountant IV
368,Reinold Elfes,Wed Aug 09 2017 00:00:00 GMT-0300 (GMT-03:00),Media Manager IV
369,Myrwyn Karlolak,Sat Nov 12 2016 00:00:00 GMT-0200 (GMT-03:00),Database Administrator IV
370,Niccolo Strelitz,Tue Jun 20 2017 00:00:00 GMT-0300 (GMT-03:00),Recruiter
371,Barton Scarce,Thu Mar 30 2017 00:00:00 GMT-0300 (GMT-03:00),GIS Technical Architect
372,Linnell Lippiatt,Sat Mar 18 2017 00:00:00 GMT-0300 (GMT-03:00),General Manager
373,Abe Whitbread,Sun Jan 22 2017 00:00:00 GMT-0200 (GMT-03:00),Senior Sales Associate
374,Sharl Duckering,Tue Feb 28 2017 00:00:00 GMT-0300 (GMT-03:00),Environmental Tech
375,Rriocard Biaggelli,Sat Oct 22 2016 00:00:00 GMT-0200 (GMT-03:00),Quality Control Specialist
376,Amie Swinnerton,Thu Jun 29 2017 00:00:00 GMT-0300 (GMT-03:00),Civil Engineer
377,Idette Ferencowicz,Mon Aug 15 2016 00:00:00 GMT-0300 (GMT-03:00),VP Accounting
378,Sigfrid Pagin,Mon Oct 24 2016 00:00:00 GMT-0200 (GMT-03:00),Nurse
379,Sansone Danieli,Fri Sep 09 2016 00:00:00 GMT-0300 (GMT-03:00),Help Desk Operator
380,Tremaine Deam,Fri May 26 2017 00:00:00 GMT-0300 (GMT-03:00),Software Consultant
381,Cathyleen Lapenna,Fri Jan 20 2017 00:00:00 GMT-0200 (GMT-03:00),Research Assistant III
382,Egor Seignior,Tue Mar 28 2017 00:00:00 GMT-0300 (GMT-03:00),Marketing Manager
383,Neille Atherton,Thu Sep 29 2016 00:00:00 GMT-0300 (GMT-03:00),Software Consultant
384,Yancey Richens,Mon Jan 09 2017 00:00:00 GMT-0200 (GMT-03:00),Data Coordiator
385,Alejandrina Gommery,Tue Dec 20 2016 00:00:00 GMT-0200 (GMT-03:00),Research Associate
386,Van Verty,Thu Dec 29 2016 00:00:00 GMT-0200 (GMT-03:00),Professor
387,Alyson Angrick,Fri Feb 17 2017 00:00:00 GMT-0200 (GMT-03:00),Compensation Analyst
388,Arney Eginton,Thu Apr 13 2017 00:00:00 GMT-0300 (GMT-03:00),Computer Systems Analyst II
389,Radcliffe Crayker,Thu Oct 06 2016 00:00:00 GMT-0300 (GMT-03:00),Environmental Specialist
390,Dukey Mackneis,Sat Jul 15 2017 00:00:00 GMT-0300 (GMT-03:00),Project Manager
391,Worth Pavyer,Mon Oct 10 2016 00:00:00 GMT-0300 (GMT-03:00),Registered Nurse
392,Tabbatha Franceschi,Thu Aug 03 2017 00:00:00 GMT-0300 (GMT-03:00),Social Worker
393,Jordain Mattei,Fri Mar 24 2017 00:00:00 GMT-0300 (GMT-03:00),Data Coordiator
394,Mendel Stoven,Tue Sep 20 2016 00:00:00 GMT-0300 (GMT-03:00),Safety Technician IV
395,Kalindi Matteuzzi,Sat May 20 2017 00:00:00 GMT-0300 (GMT-03:00),Nurse Practicioner
396,Maury Crother,Thu Feb 02 2017 00:00:00 GMT-0200 (GMT-03:00),Financial Advisor
397,Jolynn Russon,Mon Feb 13 2017 00:00:00 GMT-0200 (GMT-03:00),Business Systems Development Analyst
398,Annmarie Gianuzzi,Wed Sep 07 2016 00:00:00 GMT-0300 (GMT-03:00),Compensation Analyst
399,Padraic Ashlin,Sat Aug 27 2016 00:00:00 GMT-0300 (GMT-03:00),Senior Editor
400,Munroe Margetson,Sun Jun 04 2017 00:00:00 GMT-0300 (GMT-03:00),Media Manager I
401,Julita Adamovich,Sat Apr 15 2017 00:00:00 GMT-0300 (GMT-03:00),Office Assistant IV
402,Hodge Droogan,Sun Jun 18 2017 00:00:00 GMT-0300 (GMT-03:00),Marketing Manager
403,Chrisy Persitt,Thu Sep 08 2016 00:00:00 GMT-0300 (GMT-03:00),Internal Auditor
404,Cosimo Brane,Sat Jun 24 2017 00:00:00 GMT-0300 (GMT-03:00),VP Product Management
405,Luciana MacKilroe,Mon Apr 24 2017 00:00:00 GMT-0300 (GMT-03:00),Assistant Media Planner
406,Micheline Stapele,Tue Mar 21 2017 00:00:00 GMT-0300 (GMT-03:00),Payment Adjustment Coordinator
407,Dora Surcomb,Wed Mar 15 2017 00:00:00 GMT-0300 (GMT-03:00),Associate Professor
408,Traver Hedylstone,Fri Jan 13 2017 00:00:00 GMT-0200 (GMT-03:00),VP Quality Control
409,Fina MacCorley,Mon Jan 02 2017 00:00:00 GMT-0200 (GMT-03:00),Teacher
410,Prissie Styan,Sat Jun 03 2017 00:00:00 GMT-0300 (GMT-03:00),Senior Cost Accountant
411,Jerrine Eldon,Fri Jan 13 2017 00:00:00 GMT-0200 (GMT-03:00),Administrative Officer
412,Wilie Berkelay,Tue Jun 06 2017 00:00:00 GMT-0300 (GMT-03:00),Information Systems Manager
413,Karita Nadin,Sat Jun 17 2017 00:00:00 GMT-0300 (GMT-03:00),Social Worker
414,Valentia Coote,Wed Jun 28 2017 00:00:00 GMT-0300 (GMT-03:00),Software Consultant
415,Kippar Benoist,Fri Sep 23 2016 00:00:00 GMT-0300 (GMT-03:00),Research Nurse
416,Boony Hinckley,Sat Nov 05 2016 00:00:00 GMT-0200 (GMT-03:00),Computer Systems Analyst IV
417,Kial Vannoort,Fri May 05 2017 00:00:00 GMT-0300 (GMT-03:00),Biostatistician III
418,Pammy Halwell,Fri Jun 23 2017 00:00:00 GMT-0300 (GMT-03:00),Director of Sales
419,Dulciana Lawman,Thu Mar 16 2017 00:00:00 GMT-0300 (GMT-03:00),Nuclear Power Engineer
420,Crin Mahy,Sat Feb 18 2017 00:00:00 GMT-0200 (GMT-03:00),Paralegal
421,Leesa Kittoe,Thu Oct 20 2016 00:00:00 GMT-0200 (GMT-03:00),Financial Analyst
422,Corrina Vise,Mon May 15 2017 00:00:00 GMT-0300 (GMT-03:00),Account Coordinator
423,Carlin Ower,Tue Feb 07 2017 00:00:00 GMT-0200 (GMT-03:00),Geological Engineer
424,Sandor Bordiss,Thu Feb 23 2017 00:00:00 GMT-0300 (GMT-03:00),Human Resources Assistant III
425,Staci Owen,Thu Aug 03 2017 00:00:00 GMT-0300 (GMT-03:00),Research Assistant II
426,Lenna Denmead,Sat Apr 15 2017 00:00:00 GMT-0300 (GMT-03:00),Dental Hygienist
427,Rori Denmead,Mon Jun 19 2017 00:00:00 GMT-0300 (GMT-03:00),Mechanical Systems Engineer
428,Drusilla Peperell,Sun Sep 25 2016 00:00:00 GMT-0300 (GMT-03:00),Budget/Accounting Analyst II
429,Nydia Byrne,Wed Jul 26 2017 00:00:00 GMT-0300 (GMT-03:00),Help Desk Technician
430,Tiphany Bisgrove,Sun Nov 20 2016 00:00:00 GMT-0200 (GMT-03:00),Human Resources Manager
431,Adolpho Blezard,Mon Dec 12 2016 00:00:00 GMT-0200 (GMT-03:00),Teacher
432,Bard Slessar,Fri Jan 20 2017 00:00:00 GMT-0200 (GMT-03:00),Product Engineer
433,Katerina Purkiss,Mon Nov 21 2016 00:00:00 GMT-0200 (GMT-03:00),Marketing Assistant
434,Rodie Passler,Sat Aug 20 2016 00:00:00 GMT-0300 (GMT-03:00),Web Designer I
435,Norah De Castri,Fri Sep 16 2016 00:00:00 GMT-0300 (GMT-03:00),Computer Systems Analyst III
436,Leslie Van der Baaren,Tue Jun 13 2017 00:00:00 GMT-0300 (GMT-03:00),Nuclear Power Engineer
437,Flem Cunliffe,Fri Mar 17 2017 00:00:00 GMT-0300 (GMT-03:00),Senior Editor
438,Ludovico Lewsam,Sat Dec 17 2016 00:00:00 GMT-0200 (GMT-03:00),Senior Developer
439,Royal Locksley,Thu Nov 10 2016 00:00:00 GMT-0200 (GMT-03:00),Software Consultant
440,Claudia Tureville,Wed May 24 2017 00:00:00 GMT-0300 (GMT-03:00),Statistician III
441,Rochella Muccino,Sun Dec 18 2016 00:00:00 GMT-0200 (GMT-03:00),Electrical Engineer
442,Marthe Peschka,Fri Aug 12 2016 00:00:00 GMT-0300 (GMT-03:00),Food Chemist
443,Shaun Horsefield,Sat May 06 2017 00:00:00 GMT-0300 (GMT-03:00),Accounting Assistant I
444,Wain Sant,Wed May 31 2017 00:00:00 GMT-0300 (GMT-03:00),Internal Auditor
445,Loretta Guyton,Thu Aug 18 2016 00:00:00 GMT-0300 (GMT-03:00),Community Outreach Specialist
446,Briana Al Hirsi,Fri Jun 09 2017 00:00:00 GMT-0300 (GMT-03:00),Account Coordinator
447,Lorelle Wilman,Sun Nov 06 2016 00:00:00 GMT-0200 (GMT-03:00),Environmental Tech
448,Kenny Feavearyear,Sat Sep 24 2016 00:00:00 GMT-0300 (GMT-03:00),Occupational Therapist
449,Tarra Vallery,Fri Aug 26 2016 00:00:00 GMT-0300 (GMT-03:00),Clinical Specialist
450,Dory Wakeford,Sun Jan 01 2017 00:00:00 GMT-0200 (GMT-03:00),Editor
451,Tracey Toth,Wed Jul 26 2017 00:00:00 GMT-0300 (GMT-03:00),Recruiting Manager
452,Geoff Van Der Hoog,Wed Nov 16 2016 00:00:00 GMT-0200 (GMT-03:00),Human Resources Assistant III
453,Robbi Hammerson,Thu Sep 15 2016 00:00:00 GMT-0300 (GMT-03:00),Information Systems Manager
454,Sarina Bonaire,Mon May 01 2017 00:00:00 GMT-0300 (GMT-03:00),Marketing Manager
455,Hamlin Burdoun,Sun Jun 11 2017 00:00:00 GMT-0300 (GMT-03:00),Electrical Engineer
456,Ansell Grissett,Thu Feb 16 2017 00:00:00 GMT-0200 (GMT-03:00),Biostatistician III
457,Hinze Walker,Tue Jun 06 2017 00:00:00 GMT-0300 (GMT-03:00),Software Engineer III
458,Chanda Bunney,Sat Sep 17 2016 00:00:00 GMT-0300 (GMT-03:00),Engineer III
459,Ivar Quarterman,Mon Oct 31 2016 00:00:00 GMT-0200 (GMT-03:00),Internal Auditor
460,Ulises Mangenet,Thu Mar 09 2017 00:00:00 GMT-0300 (GMT-03:00),Financial Analyst
461,Bonny Edmenson,Wed Jan 04 2017 00:00:00 GMT-0200 (GMT-03:00),Human Resources Manager
462,Alard Milkins,Mon Nov 14 2016 00:00:00 GMT-0200 (GMT-03:00),Analog Circuit Design manager
463,Helga Stronach,Sat Jul 01 2017 00:00:00 GMT-0300 (GMT-03:00),Research Nurse
464,Gavan Assante,Sat Jan 14 2017 00:00:00 GMT-0200 (GMT-03:00),Analog Circuit Design manager
465,Sheilakathryn Orrum,Fri Aug 12 2016 00:00:00 GMT-0300 (GMT-03:00),Librarian
466,Joel Hathaway,Mon Jun 26 2017 00:00:00 GMT-0300 (GMT-03:00),Statistician IV
467,Zorana Bousler,Thu Jul 20 2017 00:00:00 GMT-0300 (GMT-03:00),Web Developer II
468,Kriste Lippatt,Sat Jul 01 2017 00:00:00 GMT-0300 (GMT-03:00),Sales Associate
469,Teresita Griggs,Thu Jan 12 2017 00:00:00 GMT-0200 (GMT-03:00),Legal Assistant
470,King Giff,Tue Nov 01 2016 00:00:00 GMT-0200 (GMT-03:00),Sales Representative
471,Berri Kassidy,Sat Apr 22 2017 00:00:00 GMT-0300 (GMT-03:00),Sales Representative
472,Myrtia Thormwell,Mon Jul 17 2017 00:00:00 GMT-0300 (GMT-03:00),Programmer Analyst IV
473,Collette Mityukov,Wed Aug 02 2017 00:00:00 GMT-0300 (GMT-03:00),Recruiting Manager
474,Olympie Mussilli,Sat Dec 03 2016 00:00:00 GMT-0200 (GMT-03:00),Statistician II
475,Lucien Gillingham,Thu Dec 15 2016 00:00:00 GMT-0200 (GMT-03:00),Software Test Engineer IV
476,Carny Dupoy,Sun Feb 19 2017 00:00:00 GMT-0300 (GMT-03:00),Software Test Engineer III
477,Kahlil Badman,Wed Nov 30 2016 00:00:00 GMT-0200 (GMT-03:00),Media Manager IV
478,Theressa Acreman,Sat Jan 07 2017 00:00:00 GMT-0200 (GMT-03:00),Geologist I
479,Case Railton,Sat Oct 29 2016 00:00:00 GMT-0200 (GMT-03:00),Chemical Engineer
480,Horacio Darwen,Fri Oct 21 2016 00:00:00 GMT-0200 (GMT-03:00),Clinical Specialist
481,Serene Cousen,Thu Nov 17 2016 00:00:00 GMT-0200 (GMT-03:00),Programmer Analyst I
482,Trudy Bridie,Tue Apr 04 2017 00:00:00 GMT-0300 (GMT-03:00),Recruiting Manager
483,Meaghan Hammond,Tue Jul 04 2017 00:00:00 GMT-0300 (GMT-03:00),Internal Auditor
484,Ardene Legh,Fri Jan 06 2017 00:00:00 GMT-0200 (GMT-03:00),Research Associate
485,Pierson Hobbert,Wed Aug 31 2016 00:00:00 GMT-0300 (GMT-03:00),Account Executive
486,Bron Daymond,Thu Feb 02 2017 00:00:00 GMT-0200 (GMT-03:00),Data Coordiator
487,Alain Hanbridge,Sun Nov 06 2016 00:00:00 GMT-0200 (GMT-03:00),Research Assistant II
488,Minetta Boord,Sun Mar 05 2017 00:00:00 GMT-0300 (GMT-03:00),Legal Assistant
489,Osgood Titford,Thu Nov 10 2016 00:00:00 GMT-0200 (GMT-03:00),Sales Representative
490,Clea Jost,Thu May 18 2017 00:00:00 GMT-0300 (GMT-03:00),Electrical Engineer
491,Nels Gniewosz,Sat Aug 27 2016 00:00:00 GMT-0300 (GMT-03:00),Administrative Officer
492,Tann Blackader,Tue Jun 20 2017 00:00:00 GMT-0300 (GMT-03:00),Operator
493,Nat Chuney,Tue Jun 20 2017 00:00:00 GMT-0300 (GMT-03:00),Product Engineer
494,Hoebart Binks,Wed Mar 15 2017 00:00:00 GMT-0300 (GMT-03:00),Statistician I
495,Caresa Boustead,Thu Sep 15 2016 00:00:00 GMT-0300 (GMT-03:00),Assistant Professor
496,Charita Duffill,Tue Sep 13 2016 00:00:00 GMT-0300 (GMT-03:00),Nuclear Power Engineer
497,Corbin Guenther,Fri Feb 24 2017 00:00:00 GMT-0300 (GMT-03:00),Recruiting Manager
498,Herold Genny,Thu Oct 20 2016 00:00:00 GMT-0200 (GMT-03:00),Technical Writer
499,Foster Emery,Mon Oct 17 2016 00:00:00 GMT-0200 (GMT-03:00),VP Quality Control
500,Gerrilee Sheldon,Tue Jun 06 2017 00:00:00 GMT-0300 (GMT-03:00),Help Desk Operator
501,Drusi Reimer,Fri Jun 09 2017 00:00:00 GMT-0300 (GMT-03:00),Geologist I
502,Mufinella McDermott,Sun Jan 29 2017 00:00:00 GMT-0200 (GMT-03:00),Business Systems Development Analyst
503,Ryley Spratt,Mon Jul 10 2017 00:00:00 GMT-0300 (GMT-03:00),Database Administrator II
504,Rodrick Murrell,Thu Oct 20 2016 00:00:00 GMT-0200 (GMT-03:00),Environmental Tech
505,Gwendolin Chesley,Thu Jun 08 2017 00:00:00 GMT-0300 (GMT-03:00),VP Product Management
506,Cathe Elloy,Mon Mar 27 2017 00:00:00 GMT-0300 (GMT-03:00),Nuclear Power Engineer
507,Stanleigh Wrankmore,Thu Aug 11 2016 00:00:00 GMT-0300 (GMT-03:00),Operator
508,Roger Barbier,Fri Apr 28 2017 00:00:00 GMT-0300 (GMT-03:00),Executive Secretary
509,Claybourne Salvin,Mon Jun 12 2017 00:00:00 GMT-0300 (GMT-03:00),Statistician III
510,Hewe Rougier,Fri Feb 03 2017 00:00:00 GMT-0200 (GMT-03:00),Librarian
511,Franny Gilstin,Sun Aug 14 2016 00:00:00 GMT-0300 (GMT-03:00),Librarian
512,Hillier Stowgill,Mon Jul 17 2017 00:00:00 GMT-0300 (GMT-03:00),Account Executive
513,Hattie Dicken,Thu Nov 24 2016 00:00:00 GMT-0200 (GMT-03:00),Geologist IV
514,Gayleen Seedman,Wed Aug 10 2016 00:00:00 GMT-0300 (GMT-03:00),Dental Hygienist
515,Emmy Simmings,Sat Mar 25 2017 00:00:00 GMT-0300 (GMT-03:00),VP Product Management
516,Burgess Daniell,Sat Jun 10 2017 00:00:00 GMT-0300 (GMT-03:00),Software Test Engineer IV
517,Nicholas Benyon,Sat Jan 21 2017 00:00:00 GMT-0200 (GMT-03:00),Account Executive
518,Atlanta Winnard,Wed Feb 15 2017 00:00:00 GMT-0200 (GMT-03:00),Tax Accountant
519,Cy Hauxby,Wed Mar 29 2017 00:00:00 GMT-0300 (GMT-03:00),Information Systems Manager
520,Annmarie de Amaya,Sat Jun 10 2017 00:00:00 GMT-0300 (GMT-03:00),Engineer IV
521,Shaun Oloman,Thu Jul 20 2017 00:00:00 GMT-0300 (GMT-03:00),Legal Assistant
522,Shalna Sarfatti,Wed Jan 11 2017 00:00:00 GMT-0200 (GMT-03:00),Social Worker
523,Debora Toppin,Thu Aug 03 2017 00:00:00 GMT-0300 (GMT-03:00),Associate Professor
524,Dionysus Liversage,Fri Apr 21 2017 00:00:00 GMT-0300 (GMT-03:00),VP Product Management
525,Marcella Fortnam,Tue Feb 07 2017 00:00:00 GMT-0200 (GMT-03:00),Desktop Support Technician
526,Annice Relf,Sat Dec 24 2016 00:00:00 GMT-0200 (GMT-03:00),Chief Design Engineer
527,Janine Maffeo,Tue Aug 08 2017 00:00:00 GMT-0300 (GMT-03:00),Help Desk Technician
528,Brynne Flode,Sat Aug 05 2017 00:00:00 GMT-0300 (GMT-03:00),Design Engineer
529,Saree Tenney,Mon Nov 07 2016 00:00:00 GMT-0200 (GMT-03:00),Assistant Media Planner
530,Corie Wilshire,Sun May 21 2017 00:00:00 GMT-0300 (GMT-03:00),Paralegal
531,Stafford Earnshaw,Sat Jun 03 2017 00:00:00 GMT-0300 (GMT-03:00),VP Marketing
532,Emilee Abramski,Sat Dec 10 2016 00:00:00 GMT-0200 (GMT-03:00),Design Engineer
533,Wesley Gravey,Mon May 08 2017 00:00:00 GMT-0300 (GMT-03:00),Executive Secretary
534,Katerine Crummy,Thu Dec 01 2016 00:00:00 GMT-0200 (GMT-03:00),Administrative Assistant I
535,Batholomew Decroix,Mon Dec 12 2016 00:00:00 GMT-0200 (GMT-03:00),Research Assistant I
536,Scarlet Tessyman,Fri Apr 07 2017 00:00:00 GMT-0300 (GMT-03:00),Systems Administrator IV
537,Davie Sheward,Mon Apr 17 2017 00:00:00 GMT-0300 (GMT-03:00),General Manager
538,Ulises Drinkale,Sun Jan 01 2017 00:00:00 GMT-0200 (GMT-03:00),VP Accounting
539,Ilyse Yockley,Mon Mar 20 2017 00:00:00 GMT-0300 (GMT-03:00),Marketing Assistant
540,Alidia Creffield,Fri Apr 07 2017 00:00:00 GMT-0300 (GMT-03:00),Professor
541,Christy Lozano,Mon May 29 2017 00:00:00 GMT-0300 (GMT-03:00),Human Resources Assistant III
542,Kristien Rowe,Thu Jul 27 2017 00:00:00 GMT-0300 (GMT-03:00),Analog Circuit Design manager
543,Vick Vasyaev,Wed May 17 2017 00:00:00 GMT-0300 (GMT-03:00),VP Quality Control
544,Ronica Whartonby,Sun Mar 12 2017 00:00:00 GMT-0300 (GMT-03:00),Assistant Professor
545,Holmes Shevlan,Sat Oct 22 2016 00:00:00 GMT-0200 (GMT-03:00),Accounting Assistant I
546,Kristyn Buzin,Wed Dec 07 2016 00:00:00 GMT-0200 (GMT-03:00),VP Marketing
547,Tristam McKeveney,Wed Feb 01 2017 00:00:00 GMT-0200 (GMT-03:00),Structural Engineer
548,Linet Dennistoun,Mon May 15 2017 00:00:00 GMT-0300 (GMT-03:00),Geologist III
549,Roderick Danilchev,Wed Aug 31 2016 00:00:00 GMT-0300 (GMT-03:00),Help Desk Technician
550,Bondon Sargeaunt,Sun Jul 09 2017 00:00:00 GMT-0300 (GMT-03:00),Office Assistant I
551,Glori Bramelt,Sun Oct 02 2016 00:00:00 GMT-0300 (GMT-03:00),Web Designer II
552,Yelena Hagley,Fri Nov 25 2016 00:00:00 GMT-0200 (GMT-03:00),Recruiter
553,Anett Tosh,Mon Jul 17 2017 00:00:00 GMT-0300 (GMT-03:00),Marketing Assistant
554,Joye Petegrew,Tue Oct 25 2016 00:00:00 GMT-0200 (GMT-03:00),Web Designer II
555,Diego Camis,Wed Feb 08 2017 00:00:00 GMT-0200 (GMT-03:00),Health Coach I
556,Lauren Tarrant,Wed Aug 09 2017 00:00:00 GMT-0300 (GMT-03:00),Senior Editor
557,Maurita Esilmon,Thu Mar 30 2017 00:00:00 GMT-0300 (GMT-03:00),Biostatistician IV
558,Tommy Boeck,Sun Mar 12 2017 00:00:00 GMT-0300 (GMT-03:00),Database Administrator II
559,Abbie Charlet,Wed Mar 15 2017 00:00:00 GMT-0300 (GMT-03:00),Media Manager III
560,Toiboid Swaite,Tue Oct 25 2016 00:00:00 GMT-0200 (GMT-03:00),Structural Engineer
561,Ami Handscomb,Sat Jun 03 2017 00:00:00 GMT-0300 (GMT-03:00),Recruiter
562,Sig Yurevich,Sun Sep 18 2016 00:00:00 GMT-0300 (GMT-03:00),Financial Advisor
563,Viviana Flack,Wed Jul 12 2017 00:00:00 GMT-0300 (GMT-03:00),Civil Engineer
564,Zaccaria Collis,Thu Jun 15 2017 00:00:00 GMT-0300 (GMT-03:00),Compensation Analyst
565,Horton Tamas,Mon Nov 21 2016 00:00:00 GMT-0200 (GMT-03:00),Account Coordinator
566,Cly Meaker,Tue Feb 28 2017 00:00:00 GMT-0300 (GMT-03:00),Recruiter
567,Brandon Fagence,Mon Nov 21 2016 00:00:00 GMT-0200 (GMT-03:00),VP Sales
568,Gilly MacPeake,Wed May 03 2017 00:00:00 GMT-0300 (GMT-03:00),Administrative Officer
569,Harrison Blissitt,Tue May 23 2017 00:00:00 GMT-0300 (GMT-03:00),Senior Cost Accountant
570,Dew Clague,Thu Oct 20 2016 00:00:00 GMT-0200 (GMT-03:00),Assistant Media Planner
571,Patricio Caillou,Fri Nov 11 2016 00:00:00 GMT-0200 (GMT-03:00),GIS Technical Architect
572,Melli Bortolomei,Wed Mar 29 2017 00:00:00 GMT-0300 (GMT-03:00),Web Designer II
573,Chastity Hincks,Thu May 04 2017 00:00:00 GMT-0300 (GMT-03:00),Civil Engineer
574,Coretta Chaudret,Sat Apr 08 2017 00:00:00 GMT-0300 (GMT-03:00),Structural Engineer
575,Curtice Hubbocks,Mon Aug 07 2017 00:00:00 GMT-0300 (GMT-03:00),Internal Auditor
576,Aidan Dobrowski,Fri Dec 02 2016 00:00:00 GMT-0200 (GMT-03:00),Executive Secretary
577,Demetris Tann,Wed Nov 23 2016 00:00:00 GMT-0200 (GMT-03:00),Marketing Manager
578,Cesya Baltrushaitis,Fri Nov 11 2016 00:00:00 GMT-0200 (GMT-03:00),Administrative Officer
579,Reagan Baudet,Tue Apr 25 2017 00:00:00 GMT-0300 (GMT-03:00),Compensation Analyst
580,Ellsworth Tranter,Tue Feb 14 2017 00:00:00 GMT-0200 (GMT-03:00),Account Executive
581,Iseabal Shipcott,Sun Nov 20 2016 00:00:00 GMT-0200 (GMT-03:00),Analyst Programmer
582,Nollie Fipp,Wed Jul 12 2017 00:00:00 GMT-0300 (GMT-03:00),Senior Developer
583,Leticia MacGorley,Sat Jul 08 2017 00:00:00 GMT-0300 (GMT-03:00),Recruiting Manager
584,Trueman McFee,Fri Jan 13 2017 00:00:00 GMT-0200 (GMT-03:00),Administrative Assistant III
585,Jarrod Reinhardt,Wed Sep 28 2016 00:00:00 GMT-0300 (GMT-03:00),Compensation Analyst
586,Mariejeanne Absalom,Sun Oct 16 2016 01:00:00 GMT-0200 (GMT-03:00),Account Executive
587,Karissa Lecointe,Sun Dec 25 2016 00:00:00 GMT-0200 (GMT-03:00),Design Engineer
588,Carlita Armin,Thu Jun 08 2017 00:00:00 GMT-0300 (GMT-03:00),Software Consultant
589,Andria Martinson,Tue Feb 28 2017 00:00:00 GMT-0300 (GMT-03:00),Senior Editor
590,Murial Gorman,Sun Jul 02 2017 00:00:00 GMT-0300 (GMT-03:00),Assistant Professor
591,Gris Abrey,Thu Jun 15 2017 00:00:00 GMT-0300 (GMT-03:00),Executive Secretary
592,Nappy Souster,Wed Sep 07 2016 00:00:00 GMT-0300 (GMT-03:00),Desktop Support Technician
593,Pattie Cone,Fri Feb 03 2017 00:00:00 GMT-0200 (GMT-03:00),Financial Advisor
594,Brynne Glasscock,Fri Jul 14 2017 00:00:00 GMT-0300 (GMT-03:00),Social Worker
595,Shermie Gilderoy,Thu Nov 17 2016 00:00:00 GMT-0200 (GMT-03:00),Business Systems Development Analyst
596,Karalee Summerlee,Fri Aug 19 2016 00:00:00 GMT-0300 (GMT-03:00),Biostatistician III
597,Heidie Chanter,Tue Jan 17 2017 00:00:00 GMT-0200 (GMT-03:00),Web Developer IV
598,Kristoffer Clew,Tue Jun 06 2017 00:00:00 GMT-0300 (GMT-03:00),Help Desk Technician
599,Bennie Whebell,Mon Jul 03 2017 00:00:00 GMT-0300 (GMT-03:00),General Manager
600,Gavra Maudson,Sat Mar 04 2017 00:00:00 GMT-0300 (GMT-03:00),Research Associate
601,Jacquenetta Broadis,Fri Aug 19 2016 00:00:00 GMT-0300 (GMT-03:00),General Manager
602,Anthea Aveline,Sat Sep 24 2016 00:00:00 GMT-0300 (GMT-03:00),Account Representative I
603,Saunders Tootin,Mon Feb 27 2017 00:00:00 GMT-0300 (GMT-03:00),Administrative Assistant III
604,Candice Hedden,Fri Dec 30 2016 00:00:00 GMT-0200 (GMT-03:00),Database Administrator I
605,Kelcey Thuillier,Mon Jul 24 2017 00:00:00 GMT-0300 (GMT-03:00),Accountant III
606,Fernanda Alyonov,Sun Dec 04 2016 00:00:00 GMT-0200 (GMT-03:00),General Manager
607,Livvie Coldrick,Sun Jul 02 2017 00:00:00 GMT-0300 (GMT-03:00),Database Administrator II
608,Giorgia Bramo,Tue Feb 21 2017 00:00:00 GMT-0300 (GMT-03:00),Nurse Practicioner
609,Mathilda Shalders,Thu Dec 15 2016 00:00:00 GMT-0200 (GMT-03:00),Analyst Programmer
610,Eachelle Megson,Tue Mar 21 2017 00:00:00 GMT-0300 (GMT-03:00),Executive Secretary
611,Nikoletta Neiland,Sun Apr 23 2017 00:00:00 GMT-0300 (GMT-03:00),Senior Editor
612,Fidelio Tregonna,Sat Mar 11 2017 00:00:00 GMT-0300 (GMT-03:00),Accountant IV
613,Emmalee Bellord,Wed Jul 12 2017 00:00:00 GMT-0300 (GMT-03:00),Programmer Analyst IV
614,Tynan Verrills,Sat Jul 01 2017 00:00:00 GMT-0300 (GMT-03:00),Web Designer I
615,Dory Pooley,Mon Sep 05 2016 00:00:00 GMT-0300 (GMT-03:00),Human Resources Manager
616,Maxie Deekes,Sat Mar 18 2017 00:00:00 GMT-0300 (GMT-03:00),Assistant Professor
617,Anya Dominelli,Sun Jul 23 2017 00:00:00 GMT-0300 (GMT-03:00),Electrical Engineer
618,Josias Connick,Tue Jan 17 2017 00:00:00 GMT-0200 (GMT-03:00),Compensation Analyst
619,Adey Derry,Mon Nov 21 2016 00:00:00 GMT-0200 (GMT-03:00),Research Nurse
620,Margette Gerb,Mon Feb 20 2017 00:00:00 GMT-0300 (GMT-03:00),Engineer IV
621,Kristy Winslett,Mon Jan 09 2017 00:00:00 GMT-0200 (GMT-03:00),Graphic Designer
622,Morganica Paszek,Wed Aug 10 2016 00:00:00 GMT-0300 (GMT-03:00),Senior Financial Analyst
623,Abby Poluzzi,Sat Apr 29 2017 00:00:00 GMT-0300 (GMT-03:00),Registered Nurse
624,Dyana Sesser,Mon Aug 22 2016 00:00:00 GMT-0300 (GMT-03:00),Compensation Analyst
625,Drucie Tschiersch,Sun Mar 12 2017 00:00:00 GMT-0300 (GMT-03:00),Food Chemist
626,Mackenzie Balma,Sun Nov 13 2016 00:00:00 GMT-0200 (GMT-03:00),Associate Professor
627,Vinny Tue,Mon Sep 05 2016 00:00:00 GMT-0300 (GMT-03:00),Senior Quality Engineer
628,Barbi Czajkowski,Mon May 29 2017 00:00:00 GMT-0300 (GMT-03:00),Web Developer IV
629,Peg Dargavel,Sat Sep 10 2016 00:00:00 GMT-0300 (GMT-03:00),Assistant Professor
630,Urson Aviss,Thu Nov 17 2016 00:00:00 GMT-0200 (GMT-03:00),Editor
631,Baxy Devitt,Fri Feb 10 2017 00:00:00 GMT-0200 (GMT-03:00),Graphic Designer
632,Brien Silvester,Mon Apr 03 2017 00:00:00 GMT-0300 (GMT-03:00),Community Outreach Specialist
633,Elyn Niles,Wed Sep 28 2016 00:00:00 GMT-0300 (GMT-03:00),Clinical Specialist
634,Amby Hugh,Fri Jun 30 2017 00:00:00 GMT-0300 (GMT-03:00),Sales Associate
635,Gwenny Melesk,Thu Jul 06 2017 00:00:00 GMT-0300 (GMT-03:00),Recruiter
636,Jobye Lazar,Sat Jan 07 2017 00:00:00 GMT-0200 (GMT-03:00),Senior Editor
637,Idelle Briscoe,Tue Apr 04 2017 00:00:00 GMT-0300 (GMT-03:00),Dental Hygienist
638,Pearline Pavlik,Sat Jul 29 2017 00:00:00 GMT-0300 (GMT-03:00),Design Engineer
639,Tomasine Micheli,Sun Aug 21 2016 00:00:00 GMT-0300 (GMT-03:00),Food Chemist
640,Blinni Fasson,Sat Sep 10 2016 00:00:00 GMT-0300 (GMT-03:00),Budget/Accounting Analyst IV
641,Finley Kuhndel,Mon Aug 29 2016 00:00:00 GMT-0300 (GMT-03:00),Associate Professor
642,Cloe Bulbeck,Sat Oct 08 2016 00:00:00 GMT-0300 (GMT-03:00),Food Chemist
643,Garreth Yeiles,Thu Mar 09 2017 00:00:00 GMT-0300 (GMT-03:00),Biostatistician IV
644,West Lanktree,Thu Mar 09 2017 00:00:00 GMT-0300 (GMT-03:00),Marketing Manager
645,Guthrey Shaul,Fri Feb 03 2017 00:00:00 GMT-0200 (GMT-03:00),Software Engineer I
646,Thacher Whenham,Tue Oct 18 2016 00:00:00 GMT-0200 (GMT-03:00),Research Assistant IV
647,Analiese Overy,Tue Jul 11 2017 00:00:00 GMT-0300 (GMT-03:00),Structural Analysis Engineer
648,Bernetta Hambribe,Wed Dec 14 2016 00:00:00 GMT-0200 (GMT-03:00),Computer Systems Analyst IV
649,Mathe Moy,Mon Nov 28 2016 00:00:00 GMT-0200 (GMT-03:00),Budget/Accounting Analyst III
650,Reed Brimmacombe,Sun Apr 23 2017 00:00:00 GMT-0300 (GMT-03:00),Physical Therapy Assistant
651,Caryn Blaber,Fri Dec 09 2016 00:00:00 GMT-0200 (GMT-03:00),Editor
652,Bevon De Zamudio,Sun Jan 08 2017 00:00:00 GMT-0200 (GMT-03:00),Staff Accountant III
653,Hannie Huleatt,Thu Jan 05 2017 00:00:00 GMT-0200 (GMT-03:00),Tax Accountant
654,Martin Chalfain,Mon May 15 2017 00:00:00 GMT-0300 (GMT-03:00),Editor
655,Aleta Boreham,Mon Apr 03 2017 00:00:00 GMT-0300 (GMT-03:00),Office Assistant I
656,Libbie Bondley,Tue Nov 01 2016 00:00:00 GMT-0200 (GMT-03:00),Electrical Engineer
657,Morley Feckey,Thu Nov 24 2016 00:00:00 GMT-0200 (GMT-03:00),Registered Nurse
658,Simmonds Giovannacci,Sun Dec 25 2016 00:00:00 GMT-0200 (GMT-03:00),Human Resources Assistant IV
659,Pauletta Bidwell,Mon Sep 05 2016 00:00:00 GMT-0300 (GMT-03:00),Product Engineer
660,Jasun Tassell,Wed Feb 22 2017 00:00:00 GMT-0300 (GMT-03:00),Social Worker
661,Drona Counter,Fri Aug 04 2017 00:00:00 GMT-0300 (GMT-03:00),Safety Technician II
662,Madelaine Loseby,Thu Feb 09 2017 00:00:00 GMT-0200 (GMT-03:00),Nurse
663,Willetta Beggan,Mon Mar 27 2017 00:00:00 GMT-0300 (GMT-03:00),Geological Engineer
664,Lana Hallyburton,Sat Jun 17 2017 00:00:00 GMT-0300 (GMT-03:00),Administrative Assistant II
665,Barnebas Zelland,Sun Jan 15 2017 00:00:00 GMT-0200 (GMT-03:00),Legal Assistant
666,Hilary Windebank,Wed Feb 08 2017 00:00:00 GMT-0200 (GMT-03:00),Civil Engineer
667,Adina Milburn,Fri Oct 28 2016 00:00:00 GMT-0200 (GMT-03:00),Sales Associate
668,Isadora Hurley,Fri Dec 02 2016 00:00:00 GMT-0200 (GMT-03:00),Librarian
669,Fulton Crucitti,Mon Mar 06 2017 00:00:00 GMT-0300 (GMT-03:00),Product Engineer
670,Wally Joscelin,Tue Mar 28 2017 00:00:00 GMT-0300 (GMT-03:00),Research Nurse
671,Clarissa Gribben,Sun Sep 04 2016 00:00:00 GMT-0300 (GMT-03:00),Human Resources Manager
672,Horton Landre,Tue Nov 29 2016 00:00:00 GMT-0200 (GMT-03:00),Sales Representative
673,Brant Hamnet,Sun Apr 09 2017 00:00:00 GMT-0300 (GMT-03:00),Senior Quality Engineer
674,Artus Pentecust,Wed Mar 15 2017 00:00:00 GMT-0300 (GMT-03:00),Structural Engineer
675,Thacher Onn,Mon Oct 03 2016 00:00:00 GMT-0300 (GMT-03:00),Product Engineer
676,Oliviero Lawford,Tue Jan 31 2017 00:00:00 GMT-0200 (GMT-03:00),Account Coordinator
677,Bobette Whyborne,Wed Feb 22 2017 00:00:00 GMT-0300 (GMT-03:00),Biostatistician IV
678,Danica Kyncl,Tue Apr 25 2017 00:00:00 GMT-0300 (GMT-03:00),Design Engineer
679,Koren McCool,Fri Aug 12 2016 00:00:00 GMT-0300 (GMT-03:00),VP Sales
680,Miltie Del Monte,Tue Jul 25 2017 00:00:00 GMT-0300 (GMT-03:00),Nuclear Power Engineer
681,Holly-anne Hellwich,Sat Aug 27 2016 00:00:00 GMT-0300 (GMT-03:00),Computer Systems Analyst I
682,Anders Sinncock,Mon May 15 2017 00:00:00 GMT-0300 (GMT-03:00),Nurse Practicioner
683,Morey Dran,Sat Jan 21 2017 00:00:00 GMT-0200 (GMT-03:00),Geological Engineer
684,Hilda Wannes,Fri Jun 16 2017 00:00:00 GMT-0300 (GMT-03:00),Help Desk Operator
685,Mollie Tarver,Sat Jul 22 2017 00:00:00 GMT-0300 (GMT-03:00),Structural Engineer
686,Abe Sare,Wed Jun 07 2017 00:00:00 GMT-0300 (GMT-03:00),Nuclear Power Engineer
687,Marigold Widd,Mon Feb 27 2017 00:00:00 GMT-0300 (GMT-03:00),Legal Assistant
688,Wendie Noli,Sun May 28 2017 00:00:00 GMT-0300 (GMT-03:00),Analyst Programmer
689,Wallace Caress,Sat Mar 11 2017 00:00:00 GMT-0300 (GMT-03:00),Occupational Therapist
690,Trev Vials,Tue Jun 27 2017 00:00:00 GMT-0300 (GMT-03:00),Senior Quality Engineer
691,Merrili Chagg,Thu Jun 22 2017 00:00:00 GMT-0300 (GMT-03:00),Human Resources Manager
692,Carma Prettyjohns,Mon Feb 27 2017 00:00:00 GMT-0300 (GMT-03:00),Engineer IV
693,Blair Londer,Tue May 16 2017 00:00:00 GMT-0300 (GMT-03:00),Statistician I
694,Emile Haggerty,Fri Jun 09 2017 00:00:00 GMT-0300 (GMT-03:00),Senior Cost Accountant
695,Silvio Sevin,Wed Oct 19 2016 00:00:00 GMT-0200 (GMT-03:00),Director of Sales
696,Sonnnie Gladebeck,Fri Feb 17 2017 00:00:00 GMT-0200 (GMT-03:00),Software Test Engineer II
697,Miltie Ackrill,Sun Aug 06 2017 00:00:00 GMT-0300 (GMT-03:00),Software Test Engineer III
698,Denis Malt,Fri Apr 14 2017 00:00:00 GMT-0300 (GMT-03:00),Programmer III
699,Enrica Caddie,Thu Sep 01 2016 00:00:00 GMT-0300 (GMT-03:00),Executive Secretary
700,Marlane Fife,Tue May 30 2017 00:00:00 GMT-0300 (GMT-03:00),Pharmacist
701,Vite Cubbini,Fri Jan 20 2017 00:00:00 GMT-0200 (GMT-03:00),Nurse
702,Demetris Morison,Sun Feb 05 2017 00:00:00 GMT-0200 (GMT-03:00),Quality Control Specialist
703,Marcos Banfield,Tue Nov 15 2016 00:00:00 GMT-0200 (GMT-03:00),Speech Pathologist
704,Patrice Provest,Wed Sep 21 2016 00:00:00 GMT-0300 (GMT-03:00),Director of Sales
705,Cal Cinnamond,Wed Oct 19 2016 00:00:00 GMT-0200 (GMT-03:00),Administrative Officer
706,Paule Pillans,Sun Mar 12 2017 00:00:00 GMT-0300 (GMT-03:00),Financial Analyst
707,Pepita Bernth,Mon Feb 13 2017 00:00:00 GMT-0200 (GMT-03:00),Systems Administrator I
708,Marshall Adney,Sat Jun 03 2017 00:00:00 GMT-0300 (GMT-03:00),Human Resources Assistant III
709,Dilan Vargas,Fri Sep 02 2016 00:00:00 GMT-0300 (GMT-03:00),Recruiting Manager
710,Ricard Rzehorz,Mon Jan 23 2017 00:00:00 GMT-0200 (GMT-03:00),Editor
711,Lanie Prydie,Thu Jul 27 2017 00:00:00 GMT-0300 (GMT-03:00),Senior Cost Accountant
712,Isidoro Shanley,Thu Jun 29 2017 00:00:00 GMT-0300 (GMT-03:00),Research Assistant I
713,Kingston Rysom,Mon Jan 30 2017 00:00:00 GMT-0200 (GMT-03:00),Developer I
714,Parry Puncher,Sun Jun 18 2017 00:00:00 GMT-0300 (GMT-03:00),Administrative Officer
715,Reinaldos Fearick,Sat Jan 28 2017 00:00:00 GMT-0200 (GMT-03:00),Sales Representative
716,Crystal Searston,Thu Nov 03 2016 00:00:00 GMT-0200 (GMT-03:00),Mechanical Systems Engineer
717,Erastus Bearblock,Thu Apr 20 2017 00:00:00 GMT-0300 (GMT-03:00),Sales Associate
718,Erena Uzielli,Wed Sep 14 2016 00:00:00 GMT-0300 (GMT-03:00),Health Coach II
719,Augustina Mossom,Fri May 05 2017 00:00:00 GMT-0300 (GMT-03:00),Quality Control Specialist
720,Athene Edgin,Fri Apr 14 2017 00:00:00 GMT-0300 (GMT-03:00),Speech Pathologist
721,Pablo Pressey,Fri Mar 10 2017 00:00:00 GMT-0300 (GMT-03:00),Editor
722,Marcello McMichell,Wed Mar 22 2017 00:00:00 GMT-0300 (GMT-03:00),General Manager
723,Matias Gareisr,Tue Jun 27 2017 00:00:00 GMT-0300 (GMT-03:00),Speech Pathologist
724,Anabal Leppington,Tue Aug 16 2016 00:00:00 GMT-0300 (GMT-03:00),Help Desk Technician
725,Shelia Hellen,Sat Oct 08 2016 00:00:00 GMT-0300 (GMT-03:00),Product Engineer
726,Carlyle Treppas,Sat Jan 07 2017 00:00:00 GMT-0200 (GMT-03:00),Developer II
727,Brent Cannings,Sat Oct 29 2016 00:00:00 GMT-0200 (GMT-03:00),Account Representative IV
728,Gwynne Kidgell,Mon May 29 2017 00:00:00 GMT-0300 (GMT-03:00),Database Administrator III
729,Thaxter Adnams,Tue May 30 2017 00:00:00 GMT-0300 (GMT-03:00),Mechanical Systems Engineer
730,Jecho Tooby,Fri Jun 09 2017 00:00:00 GMT-0300 (GMT-03:00),Pharmacist
731,Mariellen Daniele,Mon Dec 05 2016 00:00:00 GMT-0200 (GMT-03:00),Civil Engineer
732,Lin Delahunty,Sun Jul 23 2017 00:00:00 GMT-0300 (GMT-03:00),Analyst Programmer
733,Thedrick Dumsday,Fri Oct 07 2016 00:00:00 GMT-0300 (GMT-03:00),Marketing Assistant
734,Ariana Gilgryst,Sat Nov 19 2016 00:00:00 GMT-0200 (GMT-03:00),Computer Systems Analyst II
735,Ange Sanches,Tue Jul 11 2017 00:00:00 GMT-0300 (GMT-03:00),Research Assistant II
736,Thorny Broek,Tue Mar 28 2017 00:00:00 GMT-0300 (GMT-03:00),Operator
737,Melessa Spini,Mon May 22 2017 00:00:00 GMT-0300 (GMT-03:00),Information Systems Manager
738,Karina Kopps,Wed Oct 05 2016 00:00:00 GMT-0300 (GMT-03:00),Operator
739,Erroll McCaskell,Mon Jan 09 2017 00:00:00 GMT-0200 (GMT-03:00),Help Desk Technician
740,Aurelie Halloran,Wed Nov 30 2016 00:00:00 GMT-0200 (GMT-03:00),Senior Sales Associate
741,Keene Cranmore,Wed Feb 01 2017 00:00:00 GMT-0200 (GMT-03:00),Human Resources Manager
742,Amber Stubbings,Thu May 04 2017 00:00:00 GMT-0300 (GMT-03:00),Director of Sales
743,Yolanda Eaglestone,Sun Sep 25 2016 00:00:00 GMT-0300 (GMT-03:00),Assistant Professor
744,Micheline Penzer,Wed Oct 12 2016 00:00:00 GMT-0300 (GMT-03:00),Office Assistant III
745,Bell Braley,Wed Dec 28 2016 00:00:00 GMT-0200 (GMT-03:00),Graphic Designer
746,Zerk Rogge,Wed Dec 07 2016 00:00:00 GMT-0200 (GMT-03:00),Speech Pathologist
747,Alice Kayley,Tue Sep 20 2016 00:00:00 GMT-0300 (GMT-03:00),GIS Technical Architect
748,Merrile Dearnaley,Sun Oct 09 2016 00:00:00 GMT-0300 (GMT-03:00),Database Administrator II
749,Luce Godthaab,Wed Feb 15 2017 00:00:00 GMT-0200 (GMT-03:00),Accounting Assistant III
750,Chester Sibbet,Sun Jul 30 2017 00:00:00 GMT-0300 (GMT-03:00),Registered Nurse
751,Annadiane Barczynski,Fri May 05 2017 00:00:00 GMT-0300 (GMT-03:00),GIS Technical Architect
752,Milzie Shinner,Sun Jun 18 2017 00:00:00 GMT-0300 (GMT-03:00),Technical Writer
753,Dulcie Voysey,Sun May 14 2017 00:00:00 GMT-0300 (GMT-03:00),Sales Representative
754,Alex Edelman,Fri Jun 09 2017 00:00:00 GMT-0300 (GMT-03:00),Associate Professor
755,Albina Ridout,Thu Feb 02 2017 00:00:00 GMT-0200 (GMT-03:00),Assistant Manager
756,Christian Chattaway,Sat Sep 10 2016 00:00:00 GMT-0300 (GMT-03:00),Media Manager I
757,Ruddy Ballam,Sun Jun 04 2017 00:00:00 GMT-0300 (GMT-03:00),Senior Financial Analyst
758,Tyrone Siely,Sun Feb 19 2017 00:00:00 GMT-0300 (GMT-03:00),General Manager
759,Warner Jedrys,Sat Jun 10 2017 00:00:00 GMT-0300 (GMT-03:00),Accountant I
760,Harmonia Incogna,Thu Mar 23 2017 00:00:00 GMT-0300 (GMT-03:00),Recruiter
761,Melicent Edmonston,Sun Jun 18 2017 00:00:00 GMT-0300 (GMT-03:00),Recruiting Manager
762,Terry Flowers,Sat Apr 15 2017 00:00:00 GMT-0300 (GMT-03:00),Dental Hygienist
763,Stephana Tanswill,Wed Dec 28 2016 00:00:00 GMT-0200 (GMT-03:00),Help Desk Technician
764,Loraine Dunsmore,Tue Aug 16 2016 00:00:00 GMT-0300 (GMT-03:00),Community Outreach Specialist
765,Dukey Stockney,Mon Apr 03 2017 00:00:00 GMT-0300 (GMT-03:00),Quality Engineer
766,Mara Fey,Sun Feb 05 2017 00:00:00 GMT-0200 (GMT-03:00),Assistant Professor
767,Julina Plaster,Tue Jan 03 2017 00:00:00 GMT-0200 (GMT-03:00),Accountant IV
768,Amii Wilprecht,Thu Aug 03 2017 00:00:00 GMT-0300 (GMT-03:00),Chemical Engineer
769,Ephrem Judgkins,Sun May 07 2017 00:00:00 GMT-0300 (GMT-03:00),Business Systems Development Analyst
770,Tamara Barwell,Sat Nov 26 2016 00:00:00 GMT-0200 (GMT-03:00),Computer Systems Analyst I
771,Heather Camplejohn,Sun Oct 09 2016 00:00:00 GMT-0300 (GMT-03:00),VP Product Management
772,Claudine Lendon,Wed Aug 31 2016 00:00:00 GMT-0300 (GMT-03:00),Staff Accountant III
773,Leeland Arnull,Tue Jan 31 2017 00:00:00 GMT-0200 (GMT-03:00),Civil Engineer
774,Randie Bramich,Wed Nov 02 2016 00:00:00 GMT-0200 (GMT-03:00),Teacher
775,Cordy Conlon,Sun Aug 06 2017 00:00:00 GMT-0300 (GMT-03:00),Project Manager
776,Konstanze Hambelton,Sat May 20 2017 00:00:00 GMT-0300 (GMT-03:00),Graphic Designer
777,Sindee Schumacher,Fri Aug 19 2016 00:00:00 GMT-0300 (GMT-03:00),Structural Engineer
778,Vyky Figure,Tue Apr 18 2017 00:00:00 GMT-0300 (GMT-03:00),Recruiter
779,Olenka Fleeman,Tue Apr 04 2017 00:00:00 GMT-0300 (GMT-03:00),Registered Nurse
780,Marty Stetson,Fri Jun 09 2017 00:00:00 GMT-0300 (GMT-03:00),Registered Nurse
781,Freddy Skelhorn,Sat Jun 24 2017 00:00:00 GMT-0300 (GMT-03:00),Cost Accountant
782,Abbey Priddey,Thu Aug 25 2016 00:00:00 GMT-0300 (GMT-03:00),Quality Engineer
783,Clare Studman,Sat Feb 11 2017 00:00:00 GMT-0200 (GMT-03:00),Project Manager
784,Giulio Bardsley,Sat Dec 31 2016 00:00:00 GMT-0200 (GMT-03:00),Senior Cost Accountant
785,Udall Murby,Sat Mar 18 2017 00:00:00 GMT-0300 (GMT-03:00),Mechanical Systems Engineer
786,Penn Keuntje,Sun Apr 23 2017 00:00:00 GMT-0300 (GMT-03:00),Systems Administrator I
787,Martie Rochester,Thu Nov 10 2016 00:00:00 GMT-0200 (GMT-03:00),Sales Representative
788,Aymer Jeays,Tue Oct 04 2016 00:00:00 GMT-0300 (GMT-03:00),Staff Accountant IV
789,Carmelina Crimin,Thu Mar 16 2017 00:00:00 GMT-0300 (GMT-03:00),Electrical Engineer
790,Ines Hawkyens,Sun May 07 2017 00:00:00 GMT-0300 (GMT-03:00),Civil Engineer
791,Mead Webbe,Mon May 08 2017 00:00:00 GMT-0300 (GMT-03:00),Human Resources Assistant II
792,Welch Rooson,Tue Feb 28 2017 00:00:00 GMT-0300 (GMT-03:00),Senior Editor
793,Leilah Vedenisov,Sun Oct 02 2016 00:00:00 GMT-0300 (GMT-03:00),Senior Developer
794,Lorri Kendle,Thu Jun 22 2017 00:00:00 GMT-0300 (GMT-03:00),Information Systems Manager
795,Malynda Boram,Mon Jul 31 2017 00:00:00 GMT-0300 (GMT-03:00),Director of Sales
796,Sarina Tulip,Mon Mar 06 2017 00:00:00 GMT-0300 (GMT-03:00),Staff Accountant I
797,Kacey Churchill,Mon Jan 09 2017 00:00:00 GMT-0200 (GMT-03:00),Legal Assistant
798,Darlleen Gregore,Tue May 16 2017 00:00:00 GMT-0300 (GMT-03:00),Data Coordiator
799,Chaddie Alldritt,Fri Mar 31 2017 00:00:00 GMT-0300 (GMT-03:00),GIS Technical Architect
800,Allard Jacklings,Sat Jan 28 2017 00:00:00 GMT-0200 (GMT-03:00),Staff Accountant III
801,Cull Ciobotaro,Sat Jun 17 2017 00:00:00 GMT-0300 (GMT-03:00),Analyst Programmer
802,Allie Housam,Mon Apr 17 2017 00:00:00 GMT-0300 (GMT-03:00),Health Coach II
803,Fee Rosenfrucht,Sat Jan 07 2017 00:00:00 GMT-0200 (GMT-03:00),Senior Financial Analyst
804,Katti Howselee,Wed Sep 28 2016 00:00:00 GMT-0300 (GMT-03:00),Database Administrator IV
805,Carola Josefsohn,Fri Jun 23 2017 00:00:00 GMT-0300 (GMT-03:00),Sales Associate
806,Sydney Kiehl,Thu Nov 24 2016 00:00:00 GMT-0200 (GMT-03:00),VP Sales
807,Cristian Cribbin,Mon Sep 05 2016 00:00:00 GMT-0300 (GMT-03:00),Design Engineer
808,Ike Fintoph,Mon Apr 03 2017 00:00:00 GMT-0300 (GMT-03:00),Senior Quality Engineer
809,Kris Niche,Thu Jul 27 2017 00:00:00 GMT-0300 (GMT-03:00),GIS Technical Architect
810,Gina Bratchell,Sun May 14 2017 00:00:00 GMT-0300 (GMT-03:00),Web Designer I
811,Lydon Knottley,Fri Dec 30 2016 00:00:00 GMT-0200 (GMT-03:00),Pharmacist
812,Marijo Creavan,Mon May 08 2017 00:00:00 GMT-0300 (GMT-03:00),Nurse Practicioner
813,Ilsa Forst,Wed May 10 2017 00:00:00 GMT-0300 (GMT-03:00),Nurse
814,Dasha McHarry,Sun Mar 19 2017 00:00:00 GMT-0300 (GMT-03:00),Assistant Manager
815,Chrisse Plane,Mon May 22 2017 00:00:00 GMT-0300 (GMT-03:00),Design Engineer
816,Merill Dufour,Fri Mar 10 2017 00:00:00 GMT-0300 (GMT-03:00),Administrative Assistant III
817,Xaviera Isakovitch,Wed Dec 28 2016 00:00:00 GMT-0200 (GMT-03:00),Speech Pathologist
818,Cherice Raiker,Mon Oct 03 2016 00:00:00 GMT-0300 (GMT-03:00),Staff Accountant II
819,Nettie Skews,Sun Nov 27 2016 00:00:00 GMT-0200 (GMT-03:00),Junior Executive
820,Doralynne Arney,Sun Jan 15 2017 00:00:00 GMT-0200 (GMT-03:00),Clinical Specialist
821,Stephenie Dank,Thu Sep 22 2016 00:00:00 GMT-0300 (GMT-03:00),Assistant Media Planner
822,Gilles Northbridge,Sun Jul 09 2017 00:00:00 GMT-0300 (GMT-03:00),Business Systems Development Analyst
823,Lyssa Praill,Mon Feb 06 2017 00:00:00 GMT-0200 (GMT-03:00),Quality Engineer
824,Willette Beniesh,Wed Nov 09 2016 00:00:00 GMT-0200 (GMT-03:00),Research Associate
825,Silvie Mullinger,Fri Dec 09 2016 00:00:00 GMT-0200 (GMT-03:00),Legal Assistant
826,Rafaela Espin,Wed Jan 04 2017 00:00:00 GMT-0200 (GMT-03:00),Biostatistician I
827,Loria Emptage,Fri Jan 20 2017 00:00:00 GMT-0200 (GMT-03:00),Dental Hygienist
828,Rollo Geerling,Tue Aug 01 2017 00:00:00 GMT-0300 (GMT-03:00),Research Associate
829,Sammie Kimbly,Fri Dec 23 2016 00:00:00 GMT-0200 (GMT-03:00),Budget/Accounting Analyst II
830,Tamara Standingford,Wed Mar 22 2017 00:00:00 GMT-0300 (GMT-03:00),Software Engineer IV
831,Morlee Biskupiak,Tue Mar 14 2017 00:00:00 GMT-0300 (GMT-03:00),Business Systems Development Analyst
832,Loralie Parade,Wed Aug 10 2016 00:00:00 GMT-0300 (GMT-03:00),General Manager
833,Aldric Farnes,Fri May 05 2017 00:00:00 GMT-0300 (GMT-03:00),Business Systems Development Analyst
834,Henri Gambrell,Sat Jan 14 2017 00:00:00 GMT-0200 (GMT-03:00),Environmental Tech
835,Darcy Traske,Tue Mar 14 2017 00:00:00 GMT-0300 (GMT-03:00),Desktop Support Technician
836,Sephira Euels,Sun Aug 28 2016 00:00:00 GMT-0300 (GMT-03:00),General Manager
837,Duffie Szreter,Sun Jan 15 2017 00:00:00 GMT-0200 (GMT-03:00),Graphic Designer
838,Reeva Wreiford,Tue Apr 04 2017 00:00:00 GMT-0300 (GMT-03:00),Senior Quality Engineer
839,Anita Staziker,Mon Apr 24 2017 00:00:00 GMT-0300 (GMT-03:00),Community Outreach Specialist
840,Vanessa Dumigan,Sat Jul 01 2017 00:00:00 GMT-0300 (GMT-03:00),Structural Analysis Engineer
841,Arlene Landre,Sat Aug 20 2016 00:00:00 GMT-0300 (GMT-03:00),Structural Analysis Engineer
842,Breena Deerness,Wed Jun 14 2017 00:00:00 GMT-0300 (GMT-03:00),GIS Technical Architect
843,Basile Becke,Wed May 31 2017 00:00:00 GMT-0300 (GMT-03:00),Assistant Professor
844,Diana Kimblen,Sat Oct 29 2016 00:00:00 GMT-0200 (GMT-03:00),Health Coach II
845,Ame Camble,Sat Jul 22 2017 00:00:00 GMT-0300 (GMT-03:00),Developer III
846,Zorine Corsham,Mon Oct 03 2016 00:00:00 GMT-0300 (GMT-03:00),Safety Technician III
847,Ira De Brett,Thu Jun 08 2017 00:00:00 GMT-0300 (GMT-03:00),Programmer Analyst II
848,Haroun Doogan,Mon Jul 10 2017 00:00:00 GMT-0300 (GMT-03:00),Financial Advisor
849,Clare Demaine,Wed Feb 08 2017 00:00:00 GMT-0200 (GMT-03:00),Payment Adjustment Coordinator
850,Charis Hustler,Thu Nov 03 2016 00:00:00 GMT-0200 (GMT-03:00),Financial Advisor
851,Shelley Reader,Fri Aug 26 2016 00:00:00 GMT-0300 (GMT-03:00),Sales Representative
852,Remington Pennaman,Mon Mar 27 2017 00:00:00 GMT-0300 (GMT-03:00),Associate Professor
853,Xerxes Keeting,Wed Mar 01 2017 00:00:00 GMT-0300 (GMT-03:00),Help Desk Operator
854,Matelda Mears,Tue Nov 08 2016 00:00:00 GMT-0200 (GMT-03:00),Software Test Engineer I
855,Gert Plaice,Thu Jun 29 2017 00:00:00 GMT-0300 (GMT-03:00),Paralegal
856,Janessa Van den Dael,Mon May 08 2017 00:00:00 GMT-0300 (GMT-03:00),Design Engineer
857,Tabb Oakly,Thu Apr 20 2017 00:00:00 GMT-0300 (GMT-03:00),Environmental Tech
858,Maximo Priditt,Fri Oct 07 2016 00:00:00 GMT-0300 (GMT-03:00),Cost Accountant
859,Regan Goldhawk,Thu Feb 23 2017 00:00:00 GMT-0300 (GMT-03:00),Database Administrator III
860,Jere Siaspinski,Fri May 05 2017 00:00:00 GMT-0300 (GMT-03:00),Nurse
861,Rorke Mayo,Tue Jun 13 2017 00:00:00 GMT-0300 (GMT-03:00),Nurse Practicioner
862,Jaquenetta Bouch,Tue Sep 20 2016 00:00:00 GMT-0300 (GMT-03:00),Geologist I
863,Chase Gainsborough,Mon Nov 28 2016 00:00:00 GMT-0200 (GMT-03:00),Nurse
864,Sela Lanceter,Thu Mar 09 2017 00:00:00 GMT-0300 (GMT-03:00),Environmental Specialist
865,Jessa Lecount,Mon Apr 17 2017 00:00:00 GMT-0300 (GMT-03:00),Professor
866,Egan Drei,Sun May 07 2017 00:00:00 GMT-0300 (GMT-03:00),Automation Specialist IV
867,Clarke Saunt,Fri Aug 12 2016 00:00:00 GMT-0300 (GMT-03:00),Account Coordinator
868,Ham Himsworth,Sun Oct 09 2016 00:00:00 GMT-0300 (GMT-03:00),Software Engineer I
869,Mommy Danilovitch,Sat Oct 29 2016 00:00:00 GMT-0200 (GMT-03:00),VP Marketing
870,Lotte Crutcher,Mon Jul 03 2017 00:00:00 GMT-0300 (GMT-03:00),VP Marketing
871,Arri Le Leu,Fri Oct 28 2016 00:00:00 GMT-0200 (GMT-03:00),Web Developer III
872,Saunderson Davers,Wed Feb 01 2017 00:00:00 GMT-0200 (GMT-03:00),VP Accounting
873,Susanetta Causby,Fri Jul 21 2017 00:00:00 GMT-0300 (GMT-03:00),Computer Systems Analyst II
874,Leicester Tonkes,Sat Sep 10 2016 00:00:00 GMT-0300 (GMT-03:00),Compensation Analyst
875,Delmore Blanche,Tue Dec 27 2016 00:00:00 GMT-0200 (GMT-03:00),Research Nurse
876,Lorianne Agglione,Sat Feb 04 2017 00:00:00 GMT-0200 (GMT-03:00),Staff Scientist
877,Lyndy Winstone,Sun May 28 2017 00:00:00 GMT-0300 (GMT-03:00),Accounting Assistant IV
878,Tracee Ouslem,Tue Nov 08 2016 00:00:00 GMT-0200 (GMT-03:00),GIS Technical Architect
879,Cilka Mathet,Sat May 06 2017 00:00:00 GMT-0300 (GMT-03:00),Quality Control Specialist
880,Marlow Pickhaver,Wed Jan 18 2017 00:00:00 GMT-0200 (GMT-03:00),Engineer I
881,Melody Camoys,Thu Jul 20 2017 00:00:00 GMT-0300 (GMT-03:00),Data Coordiator
882,Alix Adiscot,Sun Apr 02 2017 00:00:00 GMT-0300 (GMT-03:00),Occupational Therapist
883,Tobie Kyle,Sat Jan 21 2017 00:00:00 GMT-0200 (GMT-03:00),Office Assistant III
884,Madlin Bellsham,Fri Feb 10 2017 00:00:00 GMT-0200 (GMT-03:00),Civil Engineer
885,Bertha Masson,Thu Jun 29 2017 00:00:00 GMT-0300 (GMT-03:00),Director of Sales
886,Peadar Lightowlers,Fri Jul 28 2017 00:00:00 GMT-0300 (GMT-03:00),Office Assistant II
887,Cyrus McClenaghan,Wed Dec 14 2016 00:00:00 GMT-0200 (GMT-03:00),Information Systems Manager
888,Marnie Lempertz,Tue Jun 06 2017 00:00:00 GMT-0300 (GMT-03:00),Office Assistant IV
889,Ailbert Milbourne,Sat Mar 18 2017 00:00:00 GMT-0300 (GMT-03:00),Internal Auditor
890,Karoly Simmers,Sun Feb 26 2017 00:00:00 GMT-0300 (GMT-03:00),Nurse
891,Waneta Rizzolo,Wed Oct 19 2016 00:00:00 GMT-0200 (GMT-03:00),Biostatistician II
892,Binky Kerrod,Mon Jan 23 2017 00:00:00 GMT-0200 (GMT-03:00),Staff Accountant II
893,Alejandrina Springham,Fri May 26 2017 00:00:00 GMT-0300 (GMT-03:00),Web Designer III
894,Gan MacAllen,Wed Aug 10 2016 00:00:00 GMT-0300 (GMT-03:00),Community Outreach Specialist
895,Martha Bordis,Thu Sep 01 2016 00:00:00 GMT-0300 (GMT-03:00),Structural Analysis Engineer
896,Ariel Abramamovh,Thu Nov 17 2016 00:00:00 GMT-0200 (GMT-03:00),Editor
897,Tomi Leitch,Sat Oct 01 2016 00:00:00 GMT-0300 (GMT-03:00),Staff Accountant IV
898,Marijn Schindler,Sat May 27 2017 00:00:00 GMT-0300 (GMT-03:00),Accounting Assistant II
899,Salem Paterno,Thu Aug 25 2016 00:00:00 GMT-0300 (GMT-03:00),Design Engineer
900,Darbee Dore,Thu Feb 02 2017 00:00:00 GMT-0200 (GMT-03:00),Software Consultant
901,Leda Sertin,Sat Jul 29 2017 00:00:00 GMT-0300 (GMT-03:00),Systems Administrator III
902,Romy Pilmer,Thu Jan 19 2017 00:00:00 GMT-0200 (GMT-03:00),Budget/Accounting Analyst III
903,Cornelius Gedney,Thu Jun 29 2017 00:00:00 GMT-0300 (GMT-03:00),Computer Systems Analyst III
904,Janeen McPhee,Sat Aug 05 2017 00:00:00 GMT-0300 (GMT-03:00),Desktop Support Technician
905,Aubrie Hubble,Tue Sep 13 2016 00:00:00 GMT-0300 (GMT-03:00),Recruiter
906,Ferd Meaton,Fri May 19 2017 00:00:00 GMT-0300 (GMT-03:00),Desktop Support Technician
907,Solly Leggett,Thu May 25 2017 00:00:00 GMT-0300 (GMT-03:00),Systems Administrator III
908,Thomasine Shyres,Mon Feb 06 2017 00:00:00 GMT-0200 (GMT-03:00),Compensation Analyst
909,Merna Speight,Thu Oct 27 2016 00:00:00 GMT-0200 (GMT-03:00),Information Systems Manager
910,Maddie Durnell,Wed Jan 18 2017 00:00:00 GMT-0200 (GMT-03:00),Geologist IV
911,Horst Morefield,Wed Jul 05 2017 00:00:00 GMT-0300 (GMT-03:00),Senior Cost Accountant
912,Colet Klimshuk,Sat May 13 2017 00:00:00 GMT-0300 (GMT-03:00),Recruiting Manager
913,Cori Hasard,Mon Apr 03 2017 00:00:00 GMT-0300 (GMT-03:00),VP Sales
914,Phyllida Fraschetti,Wed Jul 12 2017 00:00:00 GMT-0300 (GMT-03:00),Nurse
915,Boris Mattusov,Mon Oct 17 2016 00:00:00 GMT-0200 (GMT-03:00),Geological Engineer
916,Tandi Dienes,Sat Aug 05 2017 00:00:00 GMT-0300 (GMT-03:00),VP Product Management
917,Grissel Yashanov,Sat Jul 01 2017 00:00:00 GMT-0300 (GMT-03:00),Research Associate
918,Prince Vosse,Mon Feb 20 2017 00:00:00 GMT-0300 (GMT-03:00),Administrative Officer
919,Joyan Sartin,Wed Apr 12 2017 00:00:00 GMT-0300 (GMT-03:00),Safety Technician IV
920,Alexei Yeo,Mon Dec 26 2016 00:00:00 GMT-0200 (GMT-03:00),Engineer I
921,Gardie Sandels,Fri Oct 14 2016 00:00:00 GMT-0300 (GMT-03:00),Office Assistant I
922,Luci Mathieson,Fri Nov 25 2016 00:00:00 GMT-0200 (GMT-03:00),Human Resources Manager
923,Kira Plott,Thu Jun 15 2017 00:00:00 GMT-0300 (GMT-03:00),Human Resources Manager
924,Gail Farraway,Fri Mar 10 2017 00:00:00 GMT-0300 (GMT-03:00),Senior Editor
925,Marley Ashmole,Mon Sep 19 2016 00:00:00 GMT-0300 (GMT-03:00),Help Desk Operator
926,Cati MacCarroll,Wed May 17 2017 00:00:00 GMT-0300 (GMT-03:00),Recruiter
927,Tabbi de Castelain,Mon Apr 17 2017 00:00:00 GMT-0300 (GMT-03:00),Dental Hygienist
928,Wyn Fyers,Sat Apr 29 2017 00:00:00 GMT-0300 (GMT-03:00),Assistant Manager
929,Franklyn Riguard,Mon Mar 27 2017 00:00:00 GMT-0300 (GMT-03:00),Budget/Accounting Analyst II
930,Jakob Hacard,Mon Oct 17 2016 00:00:00 GMT-0200 (GMT-03:00),Teacher
931,Tiffanie Cope,Wed Aug 09 2017 00:00:00 GMT-0300 (GMT-03:00),Computer Systems Analyst IV
932,Collette Banstead,Thu Sep 22 2016 00:00:00 GMT-0300 (GMT-03:00),Research Associate
933,Marchall Linnit,Wed Oct 12 2016 00:00:00 GMT-0300 (GMT-03:00),Research Nurse
934,Jeth Gidman,Sun Jan 15 2017 00:00:00 GMT-0200 (GMT-03:00),Account Representative III
935,Malissa Lerven,Mon Dec 26 2016 00:00:00 GMT-0200 (GMT-03:00),Analyst Programmer
936,Glenn Sciusscietto,Wed Aug 17 2016 00:00:00 GMT-0300 (GMT-03:00),Graphic Designer
937,Ernestine Aldie,Wed Jan 04 2017 00:00:00 GMT-0200 (GMT-03:00),Electrical Engineer
938,Dalis Potten,Thu Sep 01 2016 00:00:00 GMT-0300 (GMT-03:00),Associate Professor
939,Hollis Silbersak,Tue Aug 23 2016 00:00:00 GMT-0300 (GMT-03:00),Safety Technician III
940,Willie Shortan,Sun Jul 09 2017 00:00:00 GMT-0300 (GMT-03:00),General Manager
941,Lambert Luff,Sun Jan 08 2017 00:00:00 GMT-0200 (GMT-03:00),Occupational Therapist
942,Millicent Whitlaw,Wed Feb 22 2017 00:00:00 GMT-0300 (GMT-03:00),Tax Accountant
943,Alvan Ishak,Tue Oct 04 2016 00:00:00 GMT-0300 (GMT-03:00),Budget/Accounting Analyst IV
944,Shirlee Bugby,Wed Apr 05 2017 00:00:00 GMT-0300 (GMT-03:00),Environmental Specialist
945,Neddy Mohan,Mon Mar 20 2017 00:00:00 GMT-0300 (GMT-03:00),Environmental Tech
946,Robinia Cowp,Fri Jan 06 2017 00:00:00 GMT-0200 (GMT-03:00),Assistant Manager
947,Willa Gregoletti,Wed Aug 10 2016 00:00:00 GMT-0300 (GMT-03:00),Physical Therapy Assistant
948,Homerus Boick,Sat Jul 01 2017 00:00:00 GMT-0300 (GMT-03:00),Programmer IV
949,Grange Lowman,Wed Sep 28 2016 00:00:00 GMT-0300 (GMT-03:00),Design Engineer
950,Sumner Londsdale,Mon Mar 13 2017 00:00:00 GMT-0300 (GMT-03:00),VP Quality Control
951,Teresa Jilkes,Thu Sep 29 2016 00:00:00 GMT-0300 (GMT-03:00),Quality Control Specialist
952,Michelle Housego,Sun Apr 23 2017 00:00:00 GMT-0300 (GMT-03:00),Desktop Support Technician
953,Biddie Kennerley,Fri May 19 2017 00:00:00 GMT-0300 (GMT-03:00),Physical Therapy Assistant
954,Harriot Dusting,Mon Jul 17 2017 00:00:00 GMT-0300 (GMT-03:00),Marketing Assistant
955,Leonore Westwood,Fri Aug 12 2016 00:00:00 GMT-0300 (GMT-03:00),Recruiter
956,Caleb Gobolos,Tue May 09 2017 00:00:00 GMT-0300 (GMT-03:00),Cost Accountant
957,Stanley Manass,Tue Dec 13 2016 00:00:00 GMT-0200 (GMT-03:00),Programmer Analyst II
958,Sidonia Ordidge,Tue Jun 27 2017 00:00:00 GMT-0300 (GMT-03:00),Actuary
959,Marya Abrehart,Mon Nov 07 2016 00:00:00 GMT-0200 (GMT-03:00),Human Resources Assistant II
960,Regan Yezafovich,Sat Nov 26 2016 00:00:00 GMT-0200 (GMT-03:00),Accountant II
961,Andrei Chopin,Thu Sep 15 2016 00:00:00 GMT-0300 (GMT-03:00),Actuary
962,Muire Joust,Sat Nov 12 2016 00:00:00 GMT-0200 (GMT-03:00),Technical Writer
963,Dave Burgill,Fri Oct 28 2016 00:00:00 GMT-0200 (GMT-03:00),Human Resources Manager
964,Marquita Gilberthorpe,Sun Oct 16 2016 01:00:00 GMT-0200 (GMT-03:00),VP Marketing
965,Marcello Fosdike,Tue Jul 04 2017 00:00:00 GMT-0300 (GMT-03:00),Electrical Engineer
966,Karleen Rosin,Mon Feb 27 2017 00:00:00 GMT-0300 (GMT-03:00),Professor
967,Ferd Burnsell,Fri Jul 21 2017 00:00:00 GMT-0300 (GMT-03:00),Payment Adjustment Coordinator
968,Zora Le Blanc,Sun Sep 18 2016 00:00:00 GMT-0300 (GMT-03:00),Financial Advisor
969,Nannette Prebble,Sat Mar 04 2017 00:00:00 GMT-0300 (GMT-03:00),Senior Developer
970,Jakob Pennazzi,Tue Mar 21 2017 00:00:00 GMT-0300 (GMT-03:00),Physical Therapy Assistant
971,Georgiana Holbie,Thu Mar 16 2017 00:00:00 GMT-0300 (GMT-03:00),Help Desk Technician
972,Della Eglinton,Sat Jun 03 2017 00:00:00 GMT-0300 (GMT-03:00),Librarian
973,Pauletta Corzor,Sun Jul 16 2017 00:00:00 GMT-0300 (GMT-03:00),Data Coordiator
974,Adelbert McKean,Thu Apr 27 2017 00:00:00 GMT-0300 (GMT-03:00),Financial Advisor
975,Ara Marousek,Sat May 06 2017 00:00:00 GMT-0300 (GMT-03:00),Staff Accountant II
976,Rafaello Abrahart,Mon May 22 2017 00:00:00 GMT-0300 (GMT-03:00),Office Assistant II
977,Mickie O'Glassane,Fri Jul 14 2017 00:00:00 GMT-0300 (GMT-03:00),Senior Cost Accountant
978,Noellyn Bullers,Fri Mar 03 2017 00:00:00 GMT-0300 (GMT-03:00),Internal Auditor
979,Lenore Janton,Mon Jun 26 2017 00:00:00 GMT-0300 (GMT-03:00),Community Outreach Specialist
980,Charo Pietesch,Mon Mar 27 2017 00:00:00 GMT-0300 (GMT-03:00),Database Administrator I
981,Krissy Pettigrew,Thu Jun 22 2017 00:00:00 GMT-0300 (GMT-03:00),Programmer II
982,Fletch Benfell,Fri Dec 30 2016 00:00:00 GMT-0200 (GMT-03:00),Senior Developer
983,Tiffie Burburough,Tue Dec 13 2016 00:00:00 GMT-0200 (GMT-03:00),VP Marketing
984,Gabriella Guys,Sat Sep 24 2016 00:00:00 GMT-0300 (GMT-03:00),Sales Representative
985,Ann-marie Coners,Sun Apr 30 2017 00:00:00 GMT-0300 (GMT-03:00),Nuclear Power Engineer
986,Dreddy Sifflett,Wed Jan 11 2017 00:00:00 GMT-0200 (GMT-03:00),Media Manager III
987,Anton Angrave,Thu Jan 05 2017 00:00:00 GMT-0200 (GMT-03:00),Data Coordiator
988,Arlan Schiell,Mon Oct 17 2016 00:00:00 GMT-0200 (GMT-03:00),Nuclear Power Engineer
989,Xylina Audritt,Fri Jan 13 2017 00:00:00 GMT-0200 (GMT-03:00),Senior Cost Accountant
990,Walt Gawke,Wed Dec 14 2016 00:00:00 GMT-0200 (GMT-03:00),Software Consultant
991,Feodor Halms,Sat Dec 17 2016 00:00:00 GMT-0200 (GMT-03:00),Research Assistant III
992,Evy Monni,Thu Mar 09 2017 00:00:00 GMT-0300 (GMT-03:00),Accounting Assistant III
993,Kimberlyn Smolan,Sat Dec 24 2016 00:00:00 GMT-0200 (GMT-03:00),Operator
994,Duane Dayley,Sat May 20 2017 00:00:00 GMT-0300 (GMT-03:00),Structural Engineer
995,Ardenia Saberton,Thu Sep 29 2016 00:00:00 GMT-0300 (GMT-03:00),Business Systems Development Analyst
996,Audrey Inold,Mon Nov 07 2016 00:00:00 GMT-0200 (GMT-03:00),Environmental Tech
997,Cecilio Grigoire,Thu Sep 15 2016 00:00:00 GMT-0300 (GMT-03:00),Programmer II
998,Alie Hennemann,Wed Jan 11 2017 00:00:00 GMT-0200 (GMT-03:00),Assistant Media Planner
999,Lu Burstow,Sat Sep 10 2016 00:00:00 GMT-0300 (GMT-03:00),Quality Control Specialist
1000,Eldon Farrance,Sun Feb 05 2017 00:00:00 GMT-0200 (GMT-03:00),Editor
1001,Delora Treadgear,Sun Nov 20 2016 00:00:00 GMT-0200 (GMT-03:00),Sales Associate
1002,Peggi Lugden,Fri Apr 14 2017 00:00:00 GMT-0300 (GMT-03:00),Human Resources Manager
